latitude,longitude,temp,humidity,wind,rain,day_of_year,vegetation_index,fire
52.92675,-124.45705,-1.6,72,22.4,4.3,102,0.7793388308386069,1
52.2347,-122.5006,3.4,60,17.2,0.1,102,0.8844730978616724,0
53.53092,-113.3832,9.9,48,16.1,0.0,116,0.634890954480502,1
53.8865,-112.8655,9.9,50,15.9,0.0,116,0.8646679734999503,0
52.08871,-95.21213,17.6,42,11.6,0.0,142,0.6915493586454757,1
52.58297,-104.39867,18.0,64,12.8,2.7,142,0.8605983690284127,1
51.06924,-98.21571,18.9,47,15.5,0.0,142,0.694442417679243,1
52.8709,-94.0031,14.9,51,13.7,0.0,142,0.7899734745883832,0
51.3857,-103.6403,18.5,48,14.7,0.8,142,0.6398211211514117,0
49.6074,-100.1936,19.7,51,16.1,0.0,142,0.7143309871957443,0
53.02067,-104.87959,19.7,51,12.2,0.4,143,0.8041641430941044,1
52.00014,-95.32143,19.5,50,14.7,0.0,143,0.8862094611597572,1
57.37849,-108.9518,21.1,42,12.1,0.0,143,0.566811916967573,1
50.1811,-105.069,19.5,52,20.1,0.9,143,0.8492545953241424,0
51.9157,-96.8568,19.7,55,16.6,0.0,143,0.6565067938606057,0
58.04,-111.15,24.2,34,16.8,0.0,143,0.5098484129322157,0
58.54927,-113.65417,17.9,40,27.7,0.7,148,0.5545385868879784,1
57.0508,-111.2389,17.8,49,17.1,0.0,148,0.39071698521564596,0
56.14324,-103.2917,23.4,55,14.6,0.0,172,0.5136843961984437,1
59.0034,-101.271,16.7,77,15.8,0.0,172,0.37575995125265327,0
56.4418,-109.68749,22.2,64,22.0,0.0,176,0.3152933553242736,1
58.0378,-108.4662,22.2,57,16.3,0.0,176,0.43494110080128845,0
54.0121,-91.30499,19.3,61,11.8,0.0,180,0.7808644150780767,1
51.4404,-91.9595,19.1,64,12.7,0.2,180,0.7085777528656105,0
49.26615,-69.68295,15.2,74,16.5,11.7,181,0.7322776048630428,1
51.2937,-70.7047,10.2,80,12.3,4.6,181,0.7580339229720584,0
53.26779,-72.84822,12.5,55,13.5,0.0,182,0.7667934635492037,1
50.911,-70.4711,15.4,75,14.8,0.0,182,0.6414487343062916,0
47.46,-80.34052,20.5,67,20.6,4.4,190,0.7101307429560625,1
49.5647,-81.7356,22.0,70,20.9,5.7,190,0.7293373626571245,0
57.45068,-99.96704,19.4,70,16.6,6.1,192,0.4803730436527154,1
57.9517,-98.9649,21.0,63,15.2,0.8,192,0.4352219371541898,0
50.65259,-98.84407,24.6,51,18.4,0.0,194,0.660835451190439,1
49.7792,-98.8731,23.6,57,19.4,0.0,194,0.7802281010327454,0
43.26139,-79.80743,25.8,61,17.6,2.9,195,0.6736482149214136,1
44.5074,-82.7153,17.1,98,25.2,8.7,195,0.7257677532262341,0
60.58728,-129.87563,20.7,58,12.2,0.0,210,0.5063298402835829,1
58.0405,-127.2397,21.2,48,10.5,0.1,210,0.4224824884307645,0
46.5763,-80.7938,20.2,71,12.0,0.3,211,0.6714290215900974,1
46.0068,-83.1997,20.3,81,12.2,0.0,211,0.8126215786480024,0
55.71906,-88.59808,10.4,62,21.9,0.1,212,0.5814773023219499,1
56.30561,-91.3209,10.3,67,15.9,0.0,212,0.35349135785905106,1
54.4679,-90.3965,10.6,72,18.1,6.2,212,0.7718842119122524,0
57.2533,-94.0331,10.4,69,10.7,0.2,212,0.5406504892611146,0
59.39206,-128.42436,14.1,53,13.8,0.0,216,0.4726716098255097,1
60.44902,-131.60756,14.9,61,18.9,0.0,216,0.3231332655487575,1
57.669,-126.9063,10.0,75,15.0,0.1,216,0.3287354015090178,0
61.7311,-133.4956,13.5,58,17.4,0.1,216,0.3880638658343014,0
57.94375,-131.19382,19.1,50,10.0,0.0,217,0.5768398238061974,1
59.5465,-131.6488,14.8,60,14.2,0.1,217,0.5266946513605761,0
57.99614,-130.95398,19.2,41,17.5,0.0,218,0.5545897502961086,1
60.5553,-131.3014,10.2,70,24.6,1.5,218,0.41640077163529476,0
52.4149,-121.09386,18.7,54,9.1,0.0,219,0.7482318768750295,1
51.76196,-125.59893,22.7,57,7.8,0.0,219,0.8711263192803246,1
53.96217,-125.15881,18.5,44,17.7,0.0,219,0.896516159934547,1
50.94644,-117.83485,22.1,46,9.2,0.0,219,0.7153256329138731,1
54.9936,-121.4697,14.9,51,19.8,0.0,219,0.729888939204357,0
50.4445,-126.7884,18.3,72,7.8,0.0,219,0.6620260010060252,0
53.4349,-123.4471,20.0,43,17.3,0.0,219,0.7386264317677961,0
49.7036,-120.1241,20.2,38,19.6,0.0,219,0.729011052873557,0
54.29501,-124.81526,20.2,53,19.1,0.0,221,0.7538296859487437,1
54.29204,-124.8044,20.0,53,19.1,0.0,221,0.8867572975310434,1
53.9673,-126.88226,18.7,59,20.0,0.0,221,0.7432174189822276,1
53.97287,-126.87948,18.7,59,20.0,0.0,221,0.8124125710021748,1
52.7308,-123.1804,21.0,48,17.5,0.0,221,0.8031008839688094,0
52.5645,-127.4448,20.4,75,12.5,0.0,221,0.8278375860460623,0
54.9347,-128.9568,16.0,75,12.1,7.7,221,0.7876550158987691,0
54.9485,-125.4412,18.0,55,16.6,0.0,221,0.7033076909212304,0
53.99397,-126.84053,16.9,64,17.4,0.0,222,0.7700385155434206,1
59.38509,-127.64474,14.7,66,17.1,1.6,222,0.3815618774511424,1
54.6121,-127.4137,16.6,68,16.1,0.4,222,0.7738793403291221,0
60.7153,-129.1756,11.4,80,13.4,6.7,222,0.5525360444570937,0
54.16195,-125.11623,15.8,44,15.1,0.0,223,0.69111509896276,1
55.13006,-126.60466,14.8,53,13.2,0.0,223,0.5549506521469076,1
52.89576,-126.41805,16.0,51,13.7,1.6,223,0.8352199251954777,1
57.40852,-121.04419,14.1,52,16.6,0.3,223,0.5242449958112064,1
54.16593,-124.94878,15.9,41,14.1,0.0,223,0.7685888776485058,1
53.5412,-124.713,16.6,46,12.1,0.0,223,0.6991585539077179,0
52.9756,-129.157,16.8,68,19.3,0.0,223,0.7997986671816706,0
51.9073,-123.9521,18.8,44,15.6,0.3,223,0.8935684109872055,0
56.9539,-123.8069,10.1,53,18.4,0.0,223,0.49084107363759244,0
52.3418,-123.373,18.0,46,17.8,0.0,223,0.8085572808133124,0
55.12729,-126.602,17.0,51,11.5,0.0,224,0.42014788877746034,1
49.17194,-116.84126,12.0,56,21.4,0.5,224,0.6572919467622186,1
50.03994,-115.16615,12.9,78,16.3,3.4,224,0.7032422135681755,1
51.76165,-125.42706,12.9,72,4.9,7.1,224,0.8191813643305144,1
54.21994,-124.85809,16.2,52,12.4,0.0,224,0.8606156094421988,1
49.48653,-114.86223,12.6,63,24.8,3.6,224,0.6430027177853426,1
54.17408,-124.96452,15.6,52,12.4,0.0,224,0.6347449294114915,1
57.3306,-128.1419,10.3,53,14.4,0.0,224,0.4241454218388061,0
46.8986,-117.746,21.5,39,29.9,0.0,224,0.754389607620216,0
47.6184,-116.5401,18.6,41,17.5,0.0,224,0.7756274772433525,0
51.5967,-122.6864,14.8,47,22.3,1.3,224,0.6127343850599182,0
53.7803,-122.9967,17.4,57,15.1,0.0,224,0.6347950617833139,0
49.3295,-115.7552,15.0,45,18.1,0.2,224,0.6016483114652641,0
54.3786,-122.1676,13.4,68,15.8,0.4,224,0.6318678536954514,0
49.15823,-116.87634,13.4,58,10.5,0.0,225,0.7055805664384636,1
53.35841,-124.35846,16.7,55,13.8,0.0,225,0.8016386374592177,1
53.95813,-126.98405,16.9,60,14.7,0.0,225,0.7096672992152766,1
53.19174,-126.25533,17.3,61,17.7,0.0,225,0.6484389210119457,1
50.9743,-115.0169,8.1,74,9.7,0.5,225,0.7984454416798439,0
51.9846,-125.5868,13.9,60,8.7,0.0,225,0.7262402974158668,0
56.8859,-124.8448,13.7,60,12.6,0.0,225,0.5845038406119982,0
55.5488,-124.2769,17.0,60,14.0,0.0,225,0.4717580135716582,0
54.00996,-126.65215,19.6,51,18.9,0.0,226,0.832477062183874,1
53.20141,-126.47861,18.6,57,13.0,0.0,226,0.7082508411359709,1
53.07182,-126.36376,17.2,58,16.4,0.0,226,0.6225436520414047,1
55.6403,-127.1223,16.7,61,15.8,0.0,226,0.511774554182691,0
55.7405,-126.3364,17.9,59,16.2,0.0,226,0.37314491365940194,0
50.4294,-127.3634,16.3,83,9.2,0.0,226,0.7002576739964606,0
58.00138,-130.76102,11.9,55,14.9,0.0,227,0.31911110985948926,1
53.90931,-126.50044,15.4,61,18.0,0.0,227,0.6959640076764161,1
57.00855,-111.47654,20.1,65,14.9,0.0,227,0.5915587149465404,1
57.42389,-126.16106,10.9,60,16.2,0.0,227,0.44996678409674773,1
57.8684,-133.1978,9.7,84,5.8,4.2,227,0.4382024840807869,0
52.2179,-127.1974,16.4,77,11.2,0.0,227,0.7037711933521527,0
55.8792,-110.7912,20.6,58,13.2,0.0,227,0.5649850110357558,0
60.217,-123.6493,15.4,59,21.4,0.2,227,0.39356080955614503,0
54.16586,-125.04517,15.2,43,14.8,0.0,228,0.8168212238249071,1
56.8777,-127.515,6.0,58,16.3,0.0,228,0.48542732376046926,0
53.53212,-125.45168,15.2,56,15.3,0.0,230,0.6746347718000124,1
56.69831,-107.87675,17.7,56,28.8,0.8,230,0.4475010808859281,1
53.14225,-123.4455,14.5,53,11.3,0.0,230,0.6457482434507736,1
53.88917,-125.22776,13.8,54,18.0,0.0,230,0.8408239740624043,1
53.25116,-126.27206,15.2,60,14.2,0.0,230,0.7516115090917088,1
59.7169,-110.70876,15.7,54,23.7,3.3,230,0.5089161953878222,1
54.33803,-124.81017,15.1,52,16.1,0.0,230,0.8209292453031783,1
53.1828,-126.8518,12.6,64,13.7,0.0,230,0.6292246379341085,0
58.7446,-107.7922,15.0,62,25.0,7.3,230,0.538336251586246,0
52.8488,-121.9884,14.1,56,9.2,0.0,230,0.6130815528404321,0
56.8474,-122.8515,12.8,47,18.4,0.0,230,0.560179981598329,0
51.212,-125.8189,10.8,53,9.8,0.0,230,0.6859371113000882,0
56.7244,-110.9363,17.3,55,22.8,0.5,230,0.3298773624701426,0
53.7325,-127.2081,11.5,65,14.6,0.0,230,0.7753546528804238,0
49.22099,-120.33488,15.8,35,13.3,0.0,231,0.7610295707425287,1
53.08018,-126.23624,16.3,49,10.8,0.0,231,0.743254463465838,1
53.87963,-126.42545,16.3,48,8.8,0.0,231,0.8747468789770547,1
53.81719,-125.72365,16.0,54,9.5,0.0,231,0.8623745786391366,1
58.9263,-120.60327,16.3,39,19.7,0.0,231,0.3464799266650961,1
50.0351,-122.5552,19.5,51,5.9,0.0,231,0.8937629219533916,0
53.8626,-127.364,15.3,47,10.7,0.0,231,0.8675718463713453,0
56.3638,-126.1322,6.6,52,13.3,0.0,231,0.36351480624277366,0
56.1809,-125.833,10.6,52,13.6,0.0,231,0.5703656555426551,0
61.4498,-123.2074,14.2,60,12.7,0.0,231,0.44846765578966885,0
51.97594,-125.54659,13.6,45,11.5,0.0,232,0.6267800999505416,1
49.12844,-121.1041,13.7,48,10.7,0.0,232,0.872871428930178,1
53.84713,-126.8271,16.7,46,10.2,0.0,232,0.6470352984860465,1
52.9994,-128.1887,16.1,40,12.7,0.0,232,0.7068709866173856,0
47.2871,-123.1265,21.2,66,12.7,0.0,232,0.8835221106029176,0
55.8496,-126.3597,14.1,50,9.9,0.0,232,0.47594712833441244,0
58.11533,-130.61128,19.8,50,17.7,0.0,233,0.3039538941176393,1
52.0252,-95.08175,16.6,70,15.0,0.3,233,0.8611494861786482,1
57.96552,-131.12271,18.2,57,14.4,0.0,233,0.5455223606623373,1
59.78536,-128.5654,19.7,48,19.7,0.0,233,0.5607273635061417,1
59.38837,-128.45399,15.2,57,16.2,0.8,233,0.5642767691939755,1
52.95557,-125.79468,17.9,45,17.8,0.0,233,0.8281202184642,1
49.71544,-118.14916,22.1,59,7.1,0.0,233,0.820822932850987,1
59.38721,-128.0307,19.6,51,16.3,0.7,233,0.5020807817480061,1
57.0532,-131.8727,16.2,59,9.8,0.0,233,0.48882897529697034,0
49.4613,-96.9157,17.5,60,15.5,0.0,233,0.7396521533284777,0
56.6812,-130.3632,16.5,60,16.8,0.0,233,0.47273661462528227,0
60.9764,-128.8928,12.6,67,13.7,0.2,233,0.4270641800403096,0
56.9139,-128.4579,15.0,57,16.4,0.0,233,0.3045293536524404,0
50.0961,-123.9884,16.6,53,6.1,0.0,233,0.7110199292111599,0
48.0204,-120.4881,13.5,46,9.9,0.0,233,0.7178847541718208,0
57.0911,-125.4785,14.3,55,15.3,0.0,233,0.47709238575329427,0
53.12844,-123.87992,20.0,34,15.2,0.0,234,0.8838041703422229,1
59.74937,-128.0423,18.5,37,17.3,0.0,234,0.5538046382675008,1
59.45017,-128.52847,14.4,48,15.2,0.0,234,0.5867970641271476,1
59.82875,-128.35548,19.3,34,19.8,0.0,234,0.5517200620715448,1
52.6382,-126.26188,16.5,50,16.3,0.0,234,0.8077631664092493,1
57.71942,-130.98477,14.9,67,13.0,3.1,234,0.47663147855131915,1
53.86688,-125.95888,19.4,46,19.4,0.0,234,0.7003940219249603,1
53.89536,-127.11848,17.0,50,14.0,0.0,234,0.8684783863648569,1
53.32357,-126.07319,17.8,42,15.9,0.0,234,0.6407570476387233,1
53.83534,-125.63218,19.2,44,18.7,0.0,234,0.6963900481099791,1
50.7051,-122.6035,15.2,38,13.8,0.0,234,0.8880537092776186,0
60.2606,-125.6611,17.6,42,15.9,0.0,234,0.4186336825907372,0
57.3798,-130.1252,10.3,72,17.9,1.0,234,0.5038795464611644,0
58.9965,-129.2725,12.8,55,15.5,1.3,234,0.5116884294516291,0
54.9885,-125.7195,15.8,40,17.1,0.0,234,0.682562605905007,0
58.4418,-133.8424,11.9,89,11.2,9.5,234,0.4311868209757533,0
53.8714,-123.0349,19.9,43,11.5,0.0,234,0.7608514945199363,0
51.7027,-127.2353,14.4,74,9.8,0.0,234,0.833642747467467,0
53.4904,-128.9409,15.5,75,12.1,0.7,234,0.7050294055628435,0
53.9601,-127.8135,10.5,60,10.9,0.1,234,0.8825560709806106,0
48.49844,-91.39412,20.8,53,17.4,0.0,235,0.709043801516073,1
54.87193,-124.47236,15.1,53,15.0,0.5,235,0.7907656287562251,1
49.8919,-92.2463,22.0,49,17.9,0.0,235,0.813006273752112,0
54.8098,-122.1875,11.5,59,15.0,1.0,235,0.7414148375427402,0
49.15091,-119.8422,9.0,63,12.3,0.0,236,0.7380861848836885,1
53.19202,-126.58178,11.6,64,13.7,0.0,236,0.7435562143891243,1
49.0552,-121.9006,10.5,82,12.6,1.6,236,0.8655685987406132,0
55.8999,-124.0578,14.2,73,13.0,0.2,236,0.30044363385741873,0
51.71549,-119.52708,2.1,77,4.8,0.0,292,0.7641258484095202,1
51.69,-117.401,-1.2,58,3.1,0.0,292,0.7909702576966113,0
49.40387,-103.11245,5.8,75,17.9,0.0,299,0.7362853947941286,1
51.4374,-100.7534,2.5,96,13.0,4.2,299,0.6018606330498675,0
49.9513,-125.22112,2.6,92,15.7,0.2,328,0.7599442207535487,1
51.1185,-126.7315,3.9,89,8.4,0.6,328,0.876023001516532,0
43.26736,-79.80722,-0.1,58,19.5,0.5,77,0.6075949188942553,1
46.1361,-81.7235,-6.3,72,12.6,0.6,77,0.8982286008538423,0
42.51712,-82.47489,1.4,54,23.1,0.0,84,0.6547490627330397,1
44.446,-83.8524,-1.8,56,15.8,0.0,84,0.6834612513629846,0
52.65072,-110.70827,5.6,58,20.4,0.0,98,0.8368804053049852,1
54.4993,-110.4169,4.9,68,22.3,0.0,98,0.7958733522852309,0
52.00241,-108.1312,8.6,42,27.5,0.0,114,0.667870406290594,1
49.4911,-110.3458,8.7,50,22.0,0.2,114,0.601524873496668,0
51.96329,-108.15508,4.8,36,33.0,0.0,115,0.6083056568942933,1
50.3393,-110.4267,5.9,40,33.2,0.4,115,0.687692470767668,0
59.18808,-117.30399,12.6,52,19.2,0.6,132,0.3631176584988317,1
56.938,-118.1591,13.3,38,20.6,0.0,132,0.5380508506025099,0
49.83903,-100.4883,14.5,49,14.1,0.0,133,0.6191622934870165,1
51.9721,-102.7416,13.0,42,28.2,0.3,133,0.78488415069647,0
55.2462,-114.51638,7.7,58,15.7,0.0,134,0.5349365813664507,1
49.04226,-119.66509,12.3,47,12.8,1.3,134,0.7978674868440545,1
56.0931,-112.8889,7.3,60,12.5,0.0,134,0.4390801381292386,0
48.0891,-122.0095,11.4,84,15.6,6.2,134,0.716778951663872,0
58.41199,-117.57102,15.1,35,20.4,0.0,139,0.5368216306229234,1
58.36565,-117.36983,15.3,35,18.9,0.0,139,0.5161622571261639,1
55.6444,-114.6879,10.4,41,21.8,0.0,139,0.3398291367422719,0
59.6466,-118.7702,12.3,41,16.4,0.0,139,0.37840522102163554,0
58.29583,-117.42632,15.6,32,16.9,0.0,140,0.4789359590754329,1
58.51503,-117.73384,15.2,30,17.6,0.0,140,0.38934839484430794,1
58.55049,-117.77818,15.2,30,18.0,0.0,140,0.3582720526654291,1
58.3193,-117.4809,15.6,32,16.8,0.0,140,0.4166530127440101,1
59.8398,-115.3406,17.2,32,17.9,0.0,140,0.44126560485946587,0
59.4982,-116.0867,15.4,32,17.7,0.0,140,0.32534685345529446,0
58.0865,-119.4044,13.9,37,17.1,0.0,140,0.43288913085248215,0
55.9123,-119.9391,12.9,42,23.6,0.0,140,0.3822751228572993,0
51.23396,-101.93668,12.8,43,19.1,0.0,141,0.6237076789911427,1
53.4705,-101.5645,13.1,46,16.4,0.0,141,0.7135966341605808,0
55.98895,-114.57065,15.2,55,11.2,1.5,143,0.4636084502287,1
56.0951,-116.271,13.8,57,13.2,2.2,143,0.39579725975549324,0
59.24668,-112.1419,11.5,40,23.2,0.0,146,0.42771556091063956,1
57.5401,-113.1939,9.7,38,14.6,0.0,146,0.38402386318337906,0
63.61737,-137.92883,18.8,37,12.8,0.0,147,0.5646160082085381,1
56.01797,-114.58591,16.5,42,12.4,0.0,147,0.38208699014345066,1
64.9564,-136.7039,15.2,60,15.8,0.4,147,0.4249858591484571,0
58.8269,-114.6493,15.0,58,16.8,0.2,147,0.557477670097333,0
55.89706,-114.38522,19.0,42,14.4,0.0,148,0.405474832209859,1
54.3575,-117.0644,17.7,42,11.6,0.0,148,0.7684464408716174,0
55.90879,-114.25282,21.1,42,15.3,0.0,149,0.43869786757880147,1
59.21889,-112.33176,17.0,40,14.5,0.0,149,0.5728572547686896,1
55.7956,-114.37312,21.3,39,16.3,0.0,149,0.4720141217711503,1
58.19102,-117.49158,23.1,31,21.5,0.0,149,0.43951749609023616,1
53.4663,-115.048,18.2,49,12.6,0.0,149,0.7755999017485825,0
60.309,-114.0081,17.9,41,17.9,0.0,149,0.33446591237662243,0
57.3091,-115.751,22.0,32,17.6,0.0,149,0.5352148154508435,0
55.8291,-116.0188,20.7,41,16.5,0.0,149,0.5811713662934981,0
57.95055,-117.2562,14.8,45,22.9,0.0,150,0.39394404212807954,1
58.09481,-117.41283,14.8,45,22.2,0.0,150,0.4079695952289882,1
58.58315,-117.46915,13.2,47,24.0,0.0,150,0.3748468805897009,1
58.525,-115.8559,14.0,45,23.7,0.0,150,0.48538091442168996,0
56.3486,-116.554,16.9,41,18.2,0.0,150,0.522559672667285,0
56.6938,-118.2169,16.0,43,16.9,0.0,150,0.3960928860025725,0
55.77562,-114.16061,18.4,49,16.9,0.9,152,0.5073781920013101,1
55.76155,-114.06089,18.3,50,15.7,0.7,152,0.3551899732404939,1
57.91739,-117.26525,16.5,61,19.9,4.2,152,0.3567078453772024,1
54.0383,-112.4384,17.2,55,17.4,0.0,152,0.7850007019056461,0
53.6225,-115.6843,17.4,69,9.6,0.6,152,0.7745252832131152,0
55.1277,-120.09,17.8,51,25.5,0.0,152,0.3368090848769174,0
58.17053,-117.22271,19.1,59,12.3,0.8,164,0.40673874716687886,1
59.1904,-117.0854,18.5,50,20.8,0.1,164,0.4008996687672348,0
55.52641,-110.87292,15.4,77,9.6,0.6,167,0.4822083094136639,1
53.0416,-113.3107,15.1,75,13.2,1.5,167,0.726655917099693,0
58.30202,-116.80527,14.9,58,17.8,0.2,170,0.5150441876810558,1
59.133,-115.1604,11.7,67,22.3,0.0,170,0.4987769881763705,0
63.51695,-137.82941,18.4,56,14.7,0.3,176,0.3995428515437337,1
64.7537,-140.2638,12.5,74,14.8,5.7,176,0.39390760356679055,0
63.53262,-137.70773,22.5,41,16.9,0.5,181,0.31751788525112795,1
65.7858,-140.6561,19.7,59,17.4,0.3,181,0.28989188763256624,0
52.80503,-93.14024,20.6,50,20.2,0.0,182,0.6262542382263495,1
52.82452,-93.02834,20.7,50,20.6,0.0,182,0.8605322518864085,1
52.79273,-93.00129,20.8,49,19.9,0.0,182,0.7049896266957675,1
49.8552,-92.3526,22.4,44,18.8,0.0,182,0.8253197167323404,0
54.8455,-91.8203,19.9,56,22.8,0.0,182,0.6103416211905444,0
53.5568,-91.2597,20.3,49,21.1,0.0,182,0.8004206046062919,0
51.76252,-95.05195,19.7,58,21.8,1.1,183,0.6020610652419203,1
49.9608,-97.3911,22.7,57,20.8,5.8,183,0.816955274225382,0
51.70277,-94.22152,18.8,58,19.8,0.0,185,0.7472652448895407,1
52.5528,-94.8117,17.1,57,20.9,0.0,185,0.8485084500838259,0
52.85827,-92.47781,15.7,56,20.0,0.0,186,0.8192359288521076,1
63.83733,-138.60999,18.6,56,15.5,0.0,186,0.4255692686043123,1
52.89769,-92.91422,15.5,58,21.7,0.0,186,0.863567572091625,1
51.59254,-94.1382,18.3,47,15.7,0.0,186,0.6849099667831475,1
52.4133,-93.614,17.0,50,19.5,0.0,186,0.8552299168660192,0
61.6331,-135.6991,20.9,53,13.8,0.3,186,0.41016999171000695,0
55.2222,-92.2496,13.8,70,22.8,1.0,186,0.5262171055955762,0
49.7012,-96.3805,20.2,57,16.0,0.0,186,0.7948350621681628,0
51.33921,-93.45941,16.2,52,14.3,0.0,187,0.8574712707242673,1
51.5743,-94.28922,17.2,47,14.3,0.0,187,0.6524436463392342,1
51.57766,-94.37682,17.0,49,14.1,0.0,187,0.7815030166392687,1
50.2752,-95.8498,17.3,60,16.2,0.0,187,0.8834250832423842,0
49.4066,-95.4261,17.7,59,12.9,0.0,187,0.6545163665390282,0
48.8645,-94.9638,18.6,65,18.8,0.0,187,0.6354192187737018,0
63.58946,-138.12184,17.7,38,17.4,0.0,188,0.5710476455793911,1
62.56235,-130.79463,16.8,44,18.6,0.0,188,0.3749706432805824,1
65.6586,-138.4667,15.7,56,16.1,0.2,188,0.1089758569549882,0
59.864,-129.3202,18.1,55,17.9,0.0,188,0.4322246487096285,0
51.58641,-94.9543,21.3,67,17.3,1.4,189,0.7608737957013113,1
62.24722,-140.709,19.8,47,9.2,0.0,189,0.4911304024608525,1
54.1,-93.0776,19.5,73,16.7,9.9,189,0.6182442765102778,0
60.9223,-140.4652,4.0,61,4.2,0.0,189,0.5459730007032315,0
62.50858,-139.63379,20.5,36,9.4,0.0,190,0.33567424018460634,1
63.23391,-138.82132,21.8,37,9.0,0.0,190,0.47906929347121774,1
60.2156,-137.2894,20.0,35,12.5,1.0,190,0.5152101266781095,0
60.6239,-137.2104,19.8,40,10.8,0.3,190,0.5134960573918506,0
63.30309,-137.70146,19.9,32,10.1,0.0,191,0.3669784112776409,1
64.3444,-135.5777,14.2,45,13.9,0.5,191,0.3865748212558459,0
62.59034,-138.71463,17.9,53,14.1,2.3,192,0.5284694111000006,1
62.2967,-138.0616,17.1,46,17.9,3.2,192,0.44541014141796703,0
51.75712,-113.6627,17.0,74,10.8,0.0,193,0.7324169669982148,1
53.0945,-114.5351,17.3,72,12.0,0.0,193,0.639397143221428,0
52.54703,-94.27853,18.9,57,13.7,0.0,194,0.7352866684330042,1
55.4002,-92.1105,19.4,61,16.4,1.6,194,0.5575385275243612,0
44.16937,-76.80278,22.5,70,14.3,0.0,195,0.6452805153715023,1
42.7853,-78.3542,20.5,77,16.4,7.8,195,0.6245371829350256,0
64.18671,-125.86682,17.4,76,9.0,1.6,198,0.5048032844239074,1
62.4043,-124.6575,12.5,83,12.4,13.3,198,0.420765159252623,0
58.22039,-109.63454,20.2,56,12.1,0.0,199,0.5917184111483916,1
58.018,-106.8502,18.3,63,12.7,0.0,199,0.36641013857748134,0
58.27738,-116.81477,20.4,62,10.3,0.0,201,0.4939174345159302,1
60.6426,-114.4343,18.0,56,11.7,0.0,201,0.420314739913438,0
58.56919,-110.31495,21.0,51,13.0,0.0,202,0.48430133503761613,1
59.42034,-105.37543,18.6,57,13.4,0.0,202,0.4516368444842852,1
58.1301,-111.7625,21.6,50,9.9,0.0,202,0.40832396334152676,0
57.0519,-104.4116,18.4,57,11.4,0.0,202,0.3193603998546516,0
58.32804,-116.79086,23.0,61,15.1,0.0,203,0.32818710354286756,1
63.93948,-135.68207,19.5,48,9.6,0.0,203,0.5453353678169826,1
61.317,-116.0354,23.8,62,15.0,0.0,203,0.3041593223135294,0
66.8116,-135.9905,15.0,69,20.5,0.0,203,0.19574161352142025,0
60.9328,-111.89428,22.8,63,9.6,0.0,204,0.4608431593321194,1
58.27596,-99.98183,22.6,55,14.2,1.1,204,0.4988089763793797,1
64.07363,-137.5817,18.1,50,14.5,0.7,204,0.39715595334894954,1
58.0547,-114.0753,23.7,63,10.1,0.0,204,0.5038085362167424,0
58.3179,-98.825,22.0,58,14.0,0.0,204,0.3953162830098002,0
63.7872,-138.2332,19.9,51,10.4,0.4,204,0.44652185116065113,0
63.65007,-138.32957,18.3,57,13.0,0.2,205,0.4799488873852618,1
61.20922,-107.54217,18.5,65,17.7,0.0,205,0.3662160593845485,1
62.5524,-137.9512,14.8,60,12.2,0.1,205,0.5705911847059573,0
59.6793,-108.0691,20.7,70,15.9,0.0,205,0.519383411506481,0
59.97917,-113.50804,22.1,54,13.4,0.0,206,0.5031455841235383,1
67.2813,-131.60803,18.6,49,14.3,0.0,206,0.2795956196772873,1
58.9252,-114.80603,18.7,68,15.9,0.4,206,0.5482567372948636,1
60.6638,-114.5406,21.4,53,15.1,0.0,206,0.4439782724062813,0
67.8524,-129.1663,15.4,44,17.7,0.0,206,0.18171581715759724,0
61.4946,-112.8669,20.6,54,19.2,0.0,206,0.5806132838139076,0
55.70872,-119.61365,16.8,62,17.1,1.2,207,0.3757028648247065,1
52.8781,-118.7736,12.4,68,13.3,0.5,207,0.6425933788780351,0
67.25631,-131.89886,16.2,46,13.2,0.0,209,0.22571434954241557,1
67.1226,-128.9308,14.0,48,17.4,0.0,209,0.2911917661865074,0
67.24143,-131.95193,16.4,47,14.6,0.0,210,0.12899754421272241,1
65.3467,-129.5659,13.4,82,13.0,6.5,210,0.217680623025231,0
67.37065,-131.58893,16.5,59,17.1,0.0,212,0.2578247973629151,1
65.1625,-132.5038,7.1,79,13.6,0.7,212,0.13602734175175807,0
67.42433,-131.4301,19.3,46,20.8,0.0,213,0.29619814340235173,1
67.37403,-131.61168,19.1,49,21.1,0.0,213,0.26491346961424,1
64.6291,-129.0901,8.5,70,6.2,0.8,213,0.5038533544490329,0
64.4329,-133.4686,9.5,65,13.6,0.3,213,0.40361209158636785,0
53.58728,-93.75062,20.3,64,16.0,0.4,215,0.6489023167138276,1
52.7677,-91.9195,20.1,62,11.2,0.0,215,0.6591291544279576,0
51.19285,-94.64044,19.7,64,18.6,0.9,217,0.639082378710381,1
52.4476,-92.5408,18.2,67,20.7,2.6,217,0.6399762351281773,0
45.62273,-71.60562,16.6,81,22.1,1.9,242,0.6065376754685701,1
42.975,-73.4713,19.0,71,16.3,0.8,242,0.8629081410271224,0
63.23653,-136.38203,11.9,55,9.7,0.0,245,0.4553788664957614,1
65.6307,-136.4315,3.7,90,16.3,1.2,245,0.2557588001871023,0
42.81261,-80.09803,17.0,76,10.6,1.7,249,0.8300248811255155,1
44.5906,-78.8006,15.7,83,8.9,3.0,249,0.8371446131832911,0
63.34529,-136.24426,8.0,51,12.0,0.0,255,0.4632439318978768,1
64.0449,-135.2235,6.0,53,10.5,0.0,255,0.47047894135652313,0
63.29876,-136.26106,11.2,57,11.3,0.0,256,0.5447539994023177,1
64.6585,-136.1052,7.1,59,12.2,0.0,256,0.5051354326372728,0
58.21768,-115.83179,13.6,75,8.9,0.0,257,0.33564764025391447,1
59.4092,-117.3794,12.7,79,10.2,0.0,257,0.3044756438489189,0
42.80239,-80.10034,18.2,65,12.9,0.0,260,0.7437149484925201,1
44.5481,-77.1569,16.2,67,8.6,0.0,260,0.6672170035059868,0
57.04106,-111.64605,15.8,65,16.0,0.0,265,0.5137987235237143,1
58.6347,-110.3821,15.2,69,17.1,0.0,265,0.552919425388553,0
49.42882,-121.51898,0.6,57,7.7,0.0,283,0.7871929527162576,1
42.80462,-80.10423,12.9,74,16.3,0.0,283,0.6474304746701792,1
51.9675,-120.7441,-1.4,53,8.3,0.0,283,0.6428309649087763,0
42.2351,-81.3071,14.4,75,30.3,0.0,283,0.8841099064380984,0
50.89296,-118.76252,-3.0,64,4.0,0.0,284,0.7951799389836455,1
49.34878,-118.72021,-1.2,49,5.9,0.0,284,0.6904110371028991,1
50.2583,-121.0005,-1.7,47,9.3,0.0,284,0.7921131407285223,0
50.5425,-116.1933,-2.4,55,3.8,0.0,284,0.7701389031193088,0
50.8879,-122.30052,-0.6,94,10.7,3.8,289,0.7343530432038659,1
50.4895,-123.547,0.6,97,6.1,40.5,289,0.7463760516354845,0
54.52072,-123.92627,0.6,88,9.5,0.9,293,0.7525796519950287,1
53.9165,-122.2563,1.7,81,10.9,1.1,293,0.6550768968214412,0
50.56995,-118.91215,2.0,65,7.1,0.0,300,0.6501998249226727,1
48.1505,-116.826,2.8,63,8.3,0.0,300,0.7408495010745023,0
57.08831,-117.02555,5.0,60,22.4,0.0,327,0.5245641670333,1
57.0851,-115.6932,4.1,62,32.3,0.0,327,0.4469175261725994,0
55.26052,-115.63451,-0.2,75,16.2,0.0,363,0.46103641960219915,1
53.5508,-112.6907,-6.3,79,16.2,0.0,363,0.6711382547351219,0
56.20803,-115.27805,-4.6,86,16.0,0.0,364,0.555633795145372,1
55.6345,-117.958,-6.6,86,18.4,0.0,364,0.49956511505137013,0
54.03159,-115.95692,1.3,75,16.3,1.3,24,0.6688133709841252,1
52.3828,-115.6496,0.8,78,17.3,0.2,24,0.6790073009544535,0
54.58904,-115.167,-5.0,80,11.1,0.0,28,0.7335112753355465,1
55.9492,-118.1215,-9.6,86,14.0,0.0,28,0.4502100029635381,0
55.66022,-121.24426,-0.1,71,21.7,0.0,57,0.5806684100983471,1
53.2994,-123.5484,0.5,73,15.9,0.2,57,0.6228966035999968,0
43.07122,-80.85769,-0.1,53,15.2,0.1,76,0.6427023312959043,1
42.2534,-79.9299,2.6,56,17.7,0.0,76,0.6590153757852282,0
54.94461,-117.55391,-0.8,63,20.3,0.3,81,0.7179113221945327,1
54.7741,-115.1457,-3.8,70,27.0,0.5,81,0.7250095218214536,0
43.0697,-80.85859,2.1,61,19.5,0.0,102,0.8810315701795939,1
42.2368,-83.2589,5.2,55,16.9,0.0,102,0.876265121468091,0
50.79596,-106.40473,-1.4,29,22.7,0.0,106,0.6705004607844018,1
50.8599,-107.3323,-0.7,33,21.3,0.2,106,0.8290009252495095,0
57.0421,-111.63754,8.2,69,18.3,0.0,116,0.520984506844764,1
54.3872,-109.7731,7.2,67,27.6,0.0,116,0.6677344834453336,0
50.79546,-106.79844,9.7,59,27.2,0.0,124,0.8690260735781852,1
49.0041,-106.869,12.0,50,30.4,1.3,124,0.7340693901404425,0
52.75385,-102.19725,8.6,69,10.8,0.0,126,0.8755564948807595,1
51.9604,-100.0941,7.2,67,16.5,0.0,126,0.8374064216820326,0
50.17355,-97.08757,5.9,58,16.8,0.0,127,0.8574081988873186,1
49.3777,-97.05446,7.8,53,17.9,0.0,127,0.6870657309899054,1
51.8614,-94.1659,2.1,57,19.6,0.0,127,0.7686447702801752,0
51.46,-99.5274,5.9,55,15.7,0.0,127,0.7174926407375956,0
49.64852,-99.39097,4.1,44,18.4,0.0,128,0.6243807008845556,1
52.40299,-106.04816,8.3,39,21.3,0.0,128,0.6986737388889412,1
51.04015,-99.62943,2.7,47,17.4,0.0,128,0.7866376178222715,1
51.22909,-99.57626,2.2,52,17.9,0.0,128,0.6127820714327256,1
49.9517,-100.2302,5.0,40,22.1,0.0,128,0.666336253852735,0
52.5823,-106.6529,8.6,40,21.6,0.0,128,0.6035866479437328,0
51.2197,-97.533,1.3,49,20.9,0.0,128,0.7155255304058996,0
51.0212,-98.101,1.9,46,20.5,0.0,128,0.6885457889745553,0
53.95811,-128.74704,12.2,38,19.0,0.0,132,0.6757970794629763,1
53.8037,-125.8037,6.8,50,17.0,0.0,132,0.6375037966614092,0
53.29939,-104.95202,8.6,55,23.2,0.0,135,0.6454379254115005,1
52.4676,-104.0089,8.1,58,16.2,0.0,135,0.8261260478963828,0
50.40921,-111.69621,9.3,52,21.4,0.0,136,0.8550371018432835,1
53.24115,-104.91602,4.1,44,16.9,0.0,136,0.7785017883191945,1
50.8876,-111.0286,8.3,50,24.9,0.0,136,0.7395306275986399,0
51.3008,-102.8992,6.8,58,19.8,0.0,136,0.649284843634909,0
50.63239,-100.65041,15.8,46,33.5,0.1,139,0.8815769776309657,1
52.0358,-100.21584,17.7,40,23.9,0.0,139,0.6428030918264575,1
50.3932,-99.4567,16.2,48,28.9,0.4,139,0.6236430950783006,0
52.8595,-100.5293,15.7,49,30.3,0.0,139,0.635840393533779,0
52.12318,-100.18395,18.1,48,25.2,0.2,140,0.7717422575677069,1
50.844,-97.7802,19.2,37,26.8,0.0,140,0.7886899786815312,0
51.83562,-100.16377,16.6,58,16.4,0.0,141,0.6998481232924235,1
50.36709,-100.67482,18.5,65,25.6,0.0,141,0.6208595403968772,1
53.16919,-104.89265,12.9,58,25.3,0.0,141,0.7130893140273211,1
54.0384,-100.4196,10.9,68,23.8,0.8,141,0.6992240560054792,0
49.3277,-99.0021,18.0,67,28.7,0.0,141,0.6486804025201708,0
54.6688,-107.3107,8.4,71,19.8,0.0,141,0.6900298184496199,0
46.48975,-81.03539,19.2,50,12.2,0.0,144,0.6513231643035521,1
43.5605,-78.5529,7.4,94,15.0,0.0,144,0.6216356837685917,0
42.81622,-81.32225,22.6,74,11.8,0.0,147,0.8855306279548423,1
42.1045,-83.0647,20.8,90,15.2,0.0,147,0.8745332016148313,0
48.26866,-79.05797,21.6,81,20.7,2.9,148,0.6739212478263571,1
48.4398,-80.3795,21.9,80,23.5,2.7,148,0.8102719245031672,0
52.22059,-108.57853,15.9,51,23.2,2.3,154,0.8813460874102084,1
50.3304,-108.8419,16.8,44,20.3,0.0,154,0.844062869405226,0
50.77348,-95.66602,17.3,50,26.3,0.0,156,0.6295041750918129,1
52.1566,-97.4682,15.9,61,24.4,0.8,156,0.8301102385458288,0
49.10438,-100.35748,15.4,58,20.5,0.2,163,0.6069470509319589,1
49.0397,-98.8115,15.8,66,23.1,0.2,163,0.7794393216211835,0
66.46945,-138.10297,17.6,59,15.1,0.7,166,0.21374378314321016,1
63.6342,-136.4891,14.4,64,12.0,4.0,166,0.45333628546584126,0
67.90247,-138.72801,19.4,45,15.5,0.0,167,0.24839807306211945,1
52.1504,-102.10918,18.9,65,35.0,0.5,167,0.6641708012505909,1
67.6539,-136.284,14.5,57,16.2,0.0,167,0.1484521124540516,0
53.6495,-104.4456,16.3,74,26.6,2.5,167,0.8767093927621747,0
53.84788,-113.11037,13.4,69,21.5,0.1,168,0.7717305069894006,1
53.757,-110.1668,14.0,68,13.3,0.0,168,0.6221000543975339,0
43.82413,-81.25184,19.2,55,14.1,0.0,169,0.7110496053094626,1
43.214,-81.9646,17.1,69,13.2,0.0,169,0.7508141974256046,0
49.59867,-71.38721,25.9,43,19.4,0.0,171,0.652336423851272,1
49.60247,-71.30894,25.9,43,19.4,0.0,171,0.7217077766519174,1
49.64291,-71.01212,25.9,43,20.3,0.0,171,0.7116086002152522,1
49.58909,-71.24474,26.6,44,19.7,0.0,171,0.627386006033059,1
49.65523,-71.20582,26.1,43,19.7,0.0,171,0.8694806912230882,1
48.6463,-73.2704,24.0,43,18.3,0.0,171,0.7212848401243053,0
52.0042,-69.2408,16.4,93,12.2,6.7,171,0.784769669918365,0
48.2056,-68.3657,24.6,48,19.7,0.0,171,0.8034496653919809,0
47.3884,-69.424,26.5,39,17.3,0.0,171,0.8671812743794376,0
47.1824,-69.3092,26.9,38,18.4,0.0,171,0.8845310636234363,0
49.51348,-71.35362,21.2,69,12.2,3.1,172,0.6971791370276268,1
47.0201,-68.5173,26.7,45,16.2,0.0,172,0.6930382044867108,0
42.8203,-81.32584,24.0,66,16.1,0.0,173,0.7530290772342039,1
42.0993,-82.8427,25.0,61,17.9,0.0,173,0.7984120060975349,0
50.37072,-105.35313,20.2,71,21.8,0.0,189,0.774720160971125,1
51.0772,-107.3702,20.0,65,18.9,0.1,189,0.8168025182900589,0
54.15892,-108.28538,16.8,70,15.8,0.1,198,0.6192708032322383,1
55.2946,-109.845,14.7,76,19.6,0.0,198,0.4124722654006136,0
42.81706,-80.09119,24.6,68,22.2,0.0,200,0.8424340158308037,1
45.0119,-78.3828,22.8,68,13.7,0.0,200,0.7887150060849344,0
56.38942,-120.14594,16.6,63,16.8,0.0,208,0.43657725272048725,1
54.3492,-119.1859,13.3,57,17.8,0.0,208,0.6661001254514874,0
54.73232,-118.40263,20.0,76,14.4,1.9,213,0.7444624336095231,1
55.8046,-120.6469,18.8,73,14.4,0.0,213,0.37085589969658556,0
61.33092,-112.03078,21.1,57,26.4,0.0,217,0.4213271105450131,1
59.4807,-109.2246,20.7,79,23.0,6.9,217,0.4419807972166122,0
55.07521,-88.98691,22.0,68,14.2,4.9,220,0.4617759183816444,1
53.6631,-90.027,23.8,59,17.4,0.0,220,0.6980202796905373,0
42.8193,-81.3252,22.3,75,15.7,8.3,222,0.8411636527162334,1
45.4214,-82.3502,17.4,93,31.9,9.8,222,0.6262644494829023,0
45.33971,-73.52116,20.2,77,10.1,0.8,235,0.7495272637879505,1
45.8325,-72.6345,18.6,84,8.7,3.9,235,0.8460383343918816,0
50.07949,-116.06444,16.3,44,10.3,0.0,237,0.8553292080874576,1
52.0508,-114.3986,15.8,68,16.6,0.0,237,0.6236610550757647,0
45.27852,-66.01617,16.6,68,27.5,0.5,239,0.7333898030252101,1
45.5904,-68.7751,15.1,59,25.9,0.0,239,0.8732871871827363,0
49.58101,-117.69558,15.0,49,7.6,0.0,241,0.7173231637902229,1
48.5668,-117.6472,18.8,32,12.5,0.0,241,0.6138993537902616,0
50.04953,-115.99843,14.5,57,8.4,0.0,248,0.882105264788741,1
50.34534,-97.77513,13.5,64,24.7,0.0,248,0.8717774605295985,1
52.1468,-114.3538,14.1,73,9.3,0.0,248,0.6834805913416634,0
52.2626,-97.062,12.4,71,26.2,2.5,248,0.6754950557174206,0
50.04296,-115.98615,15.0,45,11.8,0.0,250,0.7311640856995633,1
49.2614,-114.2169,13.2,64,15.5,0.0,250,0.7471788987687904,0
49.62694,-97.31886,15.3,54,25.0,0.0,255,0.7910097829696585,1
51.8196,-99.4587,15.4,68,23.3,0.0,255,0.6020408319543151,0
50.20451,-102.83817,8.5,69,22.6,0.0,260,0.7484926719116836,1
50.9511,-103.195,7.7,66,23.1,0.0,260,0.7928489975228135,0
49.62186,-117.6652,16.2,51,7.4,0.0,262,0.6493610285069664,1
47.3014,-120.6481,17.3,53,12.8,0.2,262,0.7246081741374029,0
50.35159,-104.29153,15.4,62,21.2,0.6,267,0.6943823865253971,1
48.271,-103.975,17.6,57,27.7,4.2,267,0.610474476102386,0
53.79802,-113.10043,12.5,55,18.0,0.0,269,0.642655435722931,1
56.098,-112.4708,10.9,76,20.7,2.5,269,0.5169691212296139,0
53.99527,-127.49178,5.5,85,12.8,1.6,270,0.7664051993403859,1
56.1803,-125.7537,0.2,95,14.7,8.7,270,0.3800461740159506,0
52.05136,-124.34545,13.1,72,6.5,0.0,276,0.6072622252790101,1
54.8447,-126.9207,8.9,77,5.5,0.0,276,0.6083721065893566,0
50.88622,-105.82629,12.1,55,19.0,0.0,278,0.6720152159434679,1
50.5686,-103.6085,9.9,57,23.9,0.0,278,0.6187647930892964,0
51.77676,-122.24747,12.6,93,4.3,0.6,280,0.734370212385455,1
54.1328,-122.3956,11.5,75,17.6,1.4,280,0.6298296410249905,0
50.7237,-102.51743,10.2,54,31.0,0.0,282,0.6433998935076233,1
49.1618,-99.8103,9.5,58,27.8,0.0,282,0.6916802028042912,0
49.46604,-97.32285,7.7,69,24.5,0.0,284,0.7599054329267326,1
50.8059,-94.6703,4.7,72,23.0,0.0,284,0.8546027024828569,0
51.20244,-102.14915,2.6,50,26.8,0.0,288,0.7847132082875887,1
52.94896,-109.54793,1.4,60,30.8,0.0,288,0.7759579720896378,1
49.06332,-124.24624,6.1,82,17.3,0.4,288,0.7119885170585585,1
52.0541,-105.1128,1.4,54,28.0,0.0,288,0.7915028138162763,0
51.5562,-109.3971,2.8,67,25.7,1.7,288,0.878205646421075,0
51.049,-124.2558,-4.7,92,9.2,3.0,288,0.8906861122137646,0
55.14511,-125.67839,-1.7,57,12.6,0.3,292,0.544503670691293,1
54.6154,-125.8058,-1.4,69,11.9,0.4,292,0.893338339873538,0
52.52615,-125.62775,-1.1,78,17.5,0.1,294,0.6706479169540912,1
51.3271,-126.8371,-2.7,98,7.6,2.1,294,0.6089027714007479,0
45.11092,-73.01192,11.1,85,20.9,0.9,296,0.7641386868758375,1
46.8929,-70.7964,9.4,84,21.7,1.6,296,0.8979049703897252,0
50.9465,-119.79705,-9.7,73,9.5,0.0,299,0.6552652087417292,1
53.0578,-119.3357,-10.6,36,7.2,0.0,299,0.6266052369763428,0
56.66454,-121.23381,-0.6,66,13.1,0.0,302,0.5595375588678233,1
55.7407,-118.8517,0.9,78,14.2,0.0,302,0.4583217821224763,0
53.56181,-113.3548,3.9,65,16.1,0.0,306,0.7721471225575655,1
55.8728,-112.7008,2.0,77,16.1,0.0,306,0.4048285620694293,0
54.63935,-126.29846,3.7,95,15.2,1.5,308,0.6657296812067439,1
49.08285,-100.34379,10.0,51,23.8,0.0,308,0.8429324523662158,1
52.6827,-126.8598,1.6,94,10.5,28.4,308,0.8456844351463895,0
49.864,-99.5514,8.3,60,19.4,0.0,308,0.856922499163348,0
54.10314,-111.97908,3.9,76,22.6,1.3,309,0.7176911107913776,1
55.596,-112.5432,1.8,79,21.1,0.4,309,0.5548612000474065,0
51.70322,-121.48036,5.6,76,22.8,2.3,310,0.6286578990531463,1
51.71121,-121.51402,5.6,76,22.8,2.3,310,0.7186610284889141,1
49.2797,-121.139,1.9,97,11.6,36.5,310,0.7486174866543849,0
52.2255,-121.7259,5.0,77,24.1,3.0,310,0.6867950494256811,0
49.95871,-124.22237,2.3,77,8.0,0.0,311,0.8832221991874778,1
50.81818,-118.57294,2.4,86,6.0,0.3,311,0.8540948161211963,1
48.6815,-124.7528,7.4,70,18.3,0.0,311,0.789460199869824,0
53.3129,-118.6293,-7.9,77,11.0,0.0,311,0.7332302773480304,0
43.12359,-79.17271,14.0,68,12.2,0.0,314,0.6342439319714549,1
43.7751,-79.9477,14.6,64,12.6,0.0,314,0.7927715702719207,0
46.04335,-73.14163,13.2,78,17.1,0.0,315,0.8268178838613082,1
45.1201,-72.4804,14.4,63,11.5,0.0,315,0.6169425891413431,0
46.04541,-73.14476,2.7,81,16.9,0.0,319,0.8293062499288265,1
45.4395,-70.4297,-1.2,86,19.9,1.1,319,0.6780953107009956,0
50.48329,-99.13554,-2.9,66,27.8,0.0,320,0.8308706909657826,1
52.6348,-97.483,-4.4,85,48.3,0.2,320,0.6805218900836604,0
48.74918,-92.01021,-5.3,68,13.0,0.0,326,0.8477503102770617,1
47.5985,-92.786,-5.5,66,14.1,0.0,326,0.8650315416550494,0
51.63337,-122.91442,-2.5,66,15.3,0.0,331,0.6458150198597365,1
51.4782,-123.7904,-3.6,78,27.1,0.6,331,0.6352733122718837,0
43.86675,-79.50014,3.6,68,16.3,0.0,334,0.6627216770922965,1
43.0089,-77.6319,5.5,56,15.9,0.0,334,0.8119450198995624,0
51.34334,-99.63316,-2.2,81,18.3,0.0,338,0.647933837936199,1
50.08007,-91.64574,-3.6,88,15.9,0.0,338,0.7284786939107117,1
54.3115,-97.6246,-5.5,90,13.8,0.0,338,0.7044857702028744,0
52.0439,-89.1855,-3.5,89,17.3,0.0,338,0.6890167715153225,0
55.06529,-113.29555,-0.3,75,12.5,0.0,340,0.5187808218106619,1
57.3982,-113.9525,1.8,83,15.5,0.0,340,0.5626857628578492,0
42.80485,-80.09985,-1.5,64,16.4,0.0,342,0.796604353902478,1
42.6945,-81.1886,-0.5,74,20.0,0.0,342,0.8286884839221822,0
55.4933,-120.48913,1.7,72,23.0,1.0,343,0.4845051488755599,1
56.273,-120.9215,1.4,73,21.6,0.0,343,0.3000920023113033,0
54.35143,-111.52628,-0.4,81,19.7,0.0,344,0.6777930196728597,1
51.3565,-110.6907,0.6,90,17.1,2.5,344,0.8109654975856075,0
56.6692,-118.5718,-3.6,71,12.6,0.2,345,0.31234470685986887,1
57.9467,-117.6212,-3.7,68,12.1,0.0,345,0.46991913764832594,0
53.37025,-116.35733,-1.1,61,13.4,0.0,66,0.6679927969817161,1
53.1011,-117.5093,-3.8,68,14.5,0.0,66,0.6349527956799734,0
53.56108,-113.3577,2.9,61,21.6,0.0,95,0.6119462227413842,1
56.5147,-112.3017,2.0,58,13.4,0.1,95,0.35763865000230766,0
52.38657,-99.12373,19.5,49,25.7,1.3,139,0.6766890341613082,1
55.0855,-98.1597,8.0,79,19.9,3.5,139,0.4464771397766749,0
62.25226,-122.41225,15.5,59,12.0,0.0,155,0.3901227968699553,1
64.5027,-120.9855,11.5,85,18.0,6.2,155,0.5163554562440813,0
52.0535,-125.08248,17.3,52,10.5,0.0,183,0.8904749767184837,1
57.21048,-104.7117,27.1,42,17.3,0.0,183,0.3350799771131947,1
57.1096,-104.83744,26.7,45,17.2,0.0,183,0.5046219521782224,1
51.3965,-125.1139,10.7,59,6.1,0.6,183,0.8556402001648358,0
56.399,-101.7135,26.9,51,17.8,0.0,183,0.35210368729786323,0
54.4136,-101.9767,26.9,60,18.0,0.0,183,0.641611941419005,0
51.75024,-120.84386,17.1,51,12.0,0.0,186,0.7273652342380519,1
50.99615,-120.73782,19.1,43,12.6,0.0,186,0.8124778693696678,1
49.0802,-123.0032,18.5,72,15.1,0.0,186,0.7962736660479346,0
50.5199,-119.3196,19.9,46,5.6,0.6,186,0.8720076247699803,0
55.23554,-104.56406,20.7,63,13.3,0.0,189,0.36515106270241315,1
53.60068,-124.7517,18.9,52,13.7,0.0,189,0.6610278032201921,1
53.8152,-104.0121,19.3,64,10.5,0.0,189,0.6543056611674374,0
55.9635,-127.7338,16.1,65,11.6,0.0,189,0.5190296703211779,0
53.57021,-124.71655,19.9,54,10.6,0.0,190,0.8003307811002534,1
52.57094,-94.64425,19.2,63,10.6,0.0,190,0.6176219682724758,1
55.40948,-124.51083,19.0,48,14.2,0.0,190,0.5167136796616161,1
54.2021,-125.2015,19.6,55,10.7,0.0,190,0.8529492045438436,0
55.5581,-94.9052,19.9,74,13.2,1.8,190,0.5626822627182961,0
53.4639,-127.3766,15.6,71,11.5,0.0,190,0.8707380622590186,0
51.3623,-94.16148,23.1,56,15.1,0.0,191,0.6766113937941367,1
57.55764,-110.30178,24.6,40,18.5,0.0,191,0.4927772446389055,1
48.5317,-93.5677,21.1,62,14.5,0.0,191,0.6989713637050153,0
57.9578,-112.0471,25.2,47,15.8,0.5,191,0.5868654422304114,0
51.40383,-94.34039,25.1,51,13.6,0.0,192,0.8114652266455209,1
51.50564,-93.58599,24.1,60,12.3,0.0,192,0.8067265008729658,1
52.72415,-95.55666,24.1,59,14.3,0.0,192,0.8469896912313428,1
49.4596,-96.5776,25.4,53,16.7,0.0,192,0.6640556597623856,0
52.5741,-92.2834,22.9,62,14.3,0.0,192,0.6898040741096843,0
50.6887,-96.6343,26.9,57,16.0,0.0,192,0.8359097457216714,0
51.48705,-94.73102,25.2,52,28.8,1.1,193,0.730271167142537,1
53.7066,-97.5796,21.8,84,16.6,23.7,193,0.711399076808777,0
57.01836,-104.87768,16.0,64,12.4,0.0,194,0.35448036302074226,1
59.2816,-102.6313,15.0,71,18.8,0.1,194,0.5190506644445083,0
51.46122,-121.46673,21.9,37,15.6,0.0,195,0.8683581328602001,1
57.12886,-110.61469,21.0,51,17.7,0.0,195,0.5703935076463824,1
48.8953,-124.3275,18.7,73,12.3,0.0,195,0.6588454685322078,0
56.2586,-109.8032,21.4,52,15.1,0.0,195,0.4071343414379806,0
54.57266,-102.40474,23.8,57,14.6,0.0,196,0.7791182182814876,1
52.59987,-96.03964,21.0,62,14.0,0.0,196,0.7476369737019253,1
50.53011,-94.96951,21.4,63,10.7,0.1,196,0.7314757844726028,1
55.87658,-104.25187,22.5,53,19.7,0.0,196,0.33286798504724274,1
51.36988,-119.39997,24.5,37,7.6,0.0,196,0.7629578018129586,1
53.574,-101.3355,22.9,61,12.4,0.0,196,0.804037663012187,0
54.1801,-93.4567,20.6,63,12.9,0.0,196,0.6818025730039179,0
50.1881,-97.4848,23.8,48,22.8,0.0,196,0.8712414647738229,0
53.798,-106.1876,22.3,61,14.5,0.0,196,0.6570266171624496,0
51.4384,-122.2044,24.4,38,11.0,0.0,196,0.7561289374045786,0
55.08144,-101.64661,23.3,56,17.7,0.2,197,0.49371016198710305,1
56.56824,-102.24571,19.5,61,23.5,0.0,197,0.3159029633714602,1
55.35558,-100.116,23.3,61,18.8,0.0,197,0.41940204628670175,1
55.5481,-99.2333,23.1,65,17.4,0.4,197,0.378459863946761,0
56.3563,-100.3321,21.4,61,21.8,0.7,197,0.3198669273816654,0
58.2721,-101.5252,16.8,68,25.8,0.6,197,0.5482454818689619,0
52.06081,-94.56277,24.9,57,15.1,0.9,198,0.6641955874419755,1
52.72685,-95.32391,21.8,72,14.6,1.8,198,0.7693911437629917,1
55.9822,-104.23996,11.5,68,16.8,2.0,198,0.39471358184141725,1
52.73134,-94.53541,21.3,71,13.6,2.0,198,0.7469765097845967,1
49.7259,-92.9098,24.8,60,11.8,0.0,198,0.754954013567355,0
51.1694,-93.6692,24.7,56,12.0,0.0,198,0.6075024160870414,0
54.0911,-101.9021,18.1,64,18.0,3.0,198,0.8854234836597823,0
50.6281,-96.5961,26.5,52,20.9,0.0,198,0.6412030534390998,0
50.73841,-121.14986,20.2,36,13.5,0.0,199,0.732147323538064,1
51.23,-94.57957,25.6,54,16.6,0.0,199,0.673414712894651,1
51.6072,-123.1429,13.9,54,13.2,0.0,199,0.8710132039057594,0
53.1613,-95.1602,18.8,75,16.6,0.0,199,0.7916804553448266,0
51.75701,-96.25735,20.9,77,15.3,6.3,200,0.7946535494582739,1
59.64794,-104.71025,14.6,59,11.3,0.0,200,0.5479360467009755,1
54.1119,-93.7598,14.1,76,19.0,20.3,200,0.8034894596131874,0
61.8464,-107.5533,14.5,63,12.7,0.0,200,0.5064570705626231,0
51.55092,-121.65202,18.9,37,14.3,0.0,201,0.7408025694534393,1
49.45211,-116.74226,22.5,42,12.2,0.0,201,0.6067445449820221,1
64.08953,-133.01898,19.8,55,7.2,0.6,201,0.42301418746490393,1
49.96037,-118.55625,19.9,40,20.6,0.0,201,0.7218566767373507,1
53.1407,-119.2354,14.3,60,10.5,0.1,201,0.7735085609178577,0
49.7846,-116.1683,14.8,46,17.4,2.6,201,0.7759909684665957,0
66.2595,-130.1329,20.2,58,12.0,0.0,201,0.16753354586267816,0
48.9494,-120.2398,13.3,46,12.0,0.0,201,0.7229922528052928,0
50.30083,-121.50154,13.1,48,12.4,0.0,202,0.7955261659574724,1
52.3351,-119.2974,11.8,53,13.4,0.3,202,0.8230544019032076,0
50.30367,-121.26946,16.2,45,11.8,0.0,204,0.6506904899338714,1
55.32516,-75.81229,18.4,53,24.4,0.0,204,0.551767108381822,1
48.0789,-123.7422,14.2,74,13.7,0.0,204,0.7595119410124684,0
52.894,-78.0633,18.7,66,15.3,0.0,204,0.7581337803250149,0
55.31963,-75.84994,19.2,53,46.1,7.4,205,0.3346101759368103,1
52.62478,-96.3072,21.4,55,23.4,0.3,205,0.6865235276420474,1
52.0505,-90.84679,20.5,71,22.4,0.8,205,0.6812235613446557,1
62.60532,-136.27309,16.2,68,8.5,0.1,205,0.4847693963016593,1
57.544,-76.4898,15.2,72,34.8,10.5,205,0.34581080758967425,0
50.8314,-98.6749,23.1,48,27.8,0.3,205,0.6756217455713954,0
53.6448,-92.2941,20.3,54,24.6,0.3,205,0.6442833826364984,0
62.0804,-134.7738,12.9,50,14.0,0.1,205,0.5312403370527684,0
52.14362,-95.02992,19.1,74,19.4,2.9,206,0.8956773001152842,1
52.15402,-95.91077,19.7,69,21.1,0.8,206,0.8189449546440591,1
51.0058,-92.7631,19.4,70,18.5,3.2,206,0.83044156697927,0
51.0846,-93.1284,19.6,70,20.6,3.1,206,0.8501248491034351,0
49.71332,-118.09608,22.2,38,9.6,0.0,207,0.8626952385592122,1
49.67728,-118.00962,18.4,35,14.4,0.0,207,0.653759607894986,1
47.8638,-121.0247,17.5,61,16.3,0.0,207,0.743930980878801,0
51.5493,-118.0388,12.6,52,15.3,0.9,207,0.7773908894829408,0
52.412,-95.89482,20.3,72,14.8,0.0,208,0.8695171819986063,1
50.54706,-118.66827,18.9,32,6.8,0.0,208,0.8431903446788648,1
49.52304,-116.61768,20.6,32,10.7,0.0,208,0.8218178174890889,1
55.2302,-96.4381,18.8,66,16.9,0.2,208,0.5201304985185202,0
52.5903,-117.9841,9.2,53,10.0,0.0,208,0.7347902777474007,0
48.2936,-119.5439,26.5,22,14.2,0.0,208,0.7145152821435643,0
52.07506,-96.31921,23.0,59,21.7,0.1,209,0.7847171443699449,1
50.3785,-121.62023,17.3,46,7.4,0.0,209,0.6875106273770549,1
53.3329,-95.967,20.4,71,19.7,12.1,209,0.692161932931782,0
50.6315,-119.2553,22.9,30,11.5,0.0,209,0.7091666418864513,0
51.85002,-96.36693,18.5,62,20.0,0.0,210,0.6798948007371963,1
52.09958,-95.05676,17.7,62,19.6,0.0,210,0.6786494376455542,1
50.30153,-119.87489,22.0,28,10.9,0.0,210,0.8828468923509087,1
48.8826,-93.9519,21.0,62,19.7,0.2,210,0.8666736286713054,0
50.4823,-95.5923,19.5,60,19.7,0.0,210,0.711167577846245,0
53.022,-117.7637,19.6,50,11.3,0.3,210,0.8791465147086727,0
49.74043,-121.11223,20.7,36,15.5,0.0,211,0.6071196382214498,1
50.0833,-124.0374,18.6,52,6.2,0.0,211,0.6778650560180519,0
55.17111,-100.0484,18.2,61,19.5,0.0,212,0.4902594486650016,1
54.91794,-97.61469,18.8,59,18.4,0.0,212,0.8528068329645389,1
57.19318,-96.46365,15.9,67,20.0,1.1,212,0.5851056181770453,1
56.3473,-101.8375,18.5,63,15.3,0.0,212,0.5883871465238675,0
56.5026,-98.8422,17.3,63,19.1,0.0,212,0.570981256549529,0
58.7297,-97.2606,14.3,74,27.4,1.1,212,0.4698598561697218,0
65.34899,-126.37785,22.3,51,9.0,0.0,213,0.26844263439569915,1
67.02598,-134.03165,23.2,44,19.2,0.0,213,0.11010297116351682,1
53.65166,-108.19158,22.5,54,13.4,0.0,213,0.6468998883946334,1
50.22655,-119.78432,21.4,42,18.9,0.8,213,0.6650736062324006,1
63.0224,-123.448,26.3,39,11.1,0.0,213,0.5576960140995858,0
66.7033,-134.9197,21.0,47,14.4,0.0,213,0.2336697726396039,0
53.0407,-106.576,22.7,53,11.0,0.0,213,0.6140099932667098,0
49.7529,-122.654,18.0,50,8.5,2.1,213,0.8807964163429756,0
54.83387,-104.31703,22.9,52,12.9,0.0,214,0.7816284773406073,1
57.41246,-110.23951,23.6,50,11.4,0.0,214,0.3943685135232332,1
50.46125,-95.05084,21.7,57,12.1,0.0,214,0.713881034092847,1
52.07656,-96.46283,22.5,61,15.6,0.0,214,0.7529999011126387,1
67.30139,-130.83327,22.8,52,18.1,0.0,214,0.16772688254966397,1
55.78746,-106.38277,24.7,58,10.0,0.0,214,0.35390572278107874,1
55.42584,-100.76199,23.3,60,12.3,0.0,214,0.3543898792094667,1
56.908,-102.4092,21.3,73,18.3,0.0,214,0.40140097050700674,0
57.5317,-111.0364,25.0,53,11.2,0.0,214,0.5728501176678241,0
47.6147,-92.2603,19.2,68,11.5,0.0,214,0.7958062383100977,0
53.1206,-96.4067,22.8,61,14.4,0.2,214,0.8724090358185412,0
64.9756,-132.0896,15.0,50,12.1,0.0,214,0.39006466456705124,0
55.0354,-105.2194,24.3,58,9.9,0.0,214,0.3721595965595932,0
53.6322,-99.0828,24.4,59,13.7,0.6,214,0.7074598930737076,0
55.15617,-100.26382,23.2,64,13.0,0.0,215,0.36567679258172275,1
52.47802,-96.55037,23.6,69,10.3,0.0,215,0.6747874207312852,1
57.20692,-101.63434,22.2,57,16.8,0.0,215,0.4782592789498743,1
52.14092,-96.04108,23.2,73,9.5,0.1,215,0.6600512243851286,1
63.51038,-119.92782,19.8,58,18.3,0.6,215,0.3226326045198453,1
64.04687,-132.97862,22.4,53,12.3,3.5,215,0.3501132091866945,1
60.95779,-125.10809,17.7,74,15.2,4.9,215,0.5487988359229545,1
57.66997,-100.02478,22.4,57,20.7,0.0,215,0.526275187867064,1
52.1636,-100.9677,24.8,58,16.7,0.0,215,0.6914732769180602,0
50.1008,-97.896,26.0,51,19.4,0.0,215,0.8905884558989231,0
55.1272,-102.4546,23.1,69,14.1,0.0,215,0.3913159050784937,0
54.2805,-98.9374,24.1,64,10.2,0.0,215,0.6129186911606989,0
62.5196,-122.5351,20.4,67,14.5,6.7,215,0.5335053988204655,0
61.4781,-130.3226,17.0,76,12.9,7.5,215,0.3835400015368915,0
60.8175,-127.9636,17.0,75,9.2,0.3,215,0.4834496600184801,0
58.6918,-100.5815,22.2,58,22.7,0.0,215,0.49504468352779263,0
59.83556,-107.6076,15.8,69,14.7,0.0,218,0.3907885965769182,1
59.7522,-109.2229,16.8,70,17.6,0.0,218,0.5021068832258754,0
59.83978,-105.18822,16.5,73,18.0,1.7,219,0.3475029970346351,1
57.1248,-106.6408,18.6,72,18.4,10.3,219,0.4895558209035578,0
63.60293,-115.71756,9.8,65,26.3,5.4,221,0.520443255668338,1
54.62748,-84.32989,18.0,71,31.9,0.2,221,0.899459801924618,1
65.7245,-115.5472,6.8,71,16.6,0.0,221,0.29545847308653983,0
53.4541,-82.3328,18.4,76,20.9,0.4,221,0.8642428417204198,0
56.326,-125.39928,12.7,64,19.3,0.0,223,0.4385861914645316,1
54.4808,-125.2285,16.7,62,21.9,0.0,223,0.8223074119168197,0
50.19161,-119.63541,19.2,35,19.2,0.0,224,0.7589727418039609,1
51.21643,-120.83563,18.1,43,17.8,0.0,224,0.8345574033899886,1
47.9427,-121.3255,21.1,59,12.4,0.0,224,0.8695514792944261,0
53.2781,-120.3355,11.3,60,10.9,0.0,224,0.8252183696833969,0
56.00782,-123.25282,17.8,62,12.1,0.0,225,0.5397008875219163,1
52.561,-121.06949,19.7,64,7.6,0.0,225,0.7646220193445843,1
58.0262,-120.7545,21.2,62,13.8,0.0,225,0.4920184261500135,0
52.7574,-124.0436,20.6,47,12.7,0.0,225,0.8300747292603384,0
51.49402,-119.5929,21.5,37,7.6,0.0,226,0.7144109594065406,1
50.71613,-120.78945,25.8,36,11.0,0.0,226,0.853442122319737,1
48.5674,-119.7564,27.0,26,15.3,0.0,226,0.6824878107494207,0
52.0314,-120.4874,21.4,37,17.7,0.0,226,0.7615756983911988,0
54.791,-102.32613,18.3,73,20.3,0.0,243,0.6609529822821941,1
53.0576,-99.7656,19.0,70,17.4,0.0,243,0.8414107140000553,0
56.28725,-119.83269,7.9,73,29.4,2.1,273,0.5459526022410957,1
54.5302,-122.0395,6.4,86,20.2,12.7,273,0.8839239033618833,0
49.9311,-118.80114,2.0,75,21.4,1.0,293,0.6802224751635191,1
47.3341,-116.389,11.5,65,13.7,3.0,293,0.8709813707925934,0
50.28508,-101.93967,0.2,73,16.0,0.0,295,0.692315839154323,1
48.3105,-104.2075,4.7,80,22.3,0.2,295,0.8909344113434887,0
43.85658,-78.91133,-3.3,69,19.8,0.0,4,0.6007888686380477,1
44.8456,-79.4959,-3.7,70,18.4,0.1,4,0.6094055487634593,0
42.8027,-80.10754,7.7,78,14.7,0.0,76,0.8895932719187316,1
44.136,-82.0695,1.9,91,31.5,0.0,76,0.6830692708245532,0
42.80777,-80.09617,10.4,76,14.5,0.0,125,0.7348752333395917,1
42.201,-78.5305,10.1,75,11.7,0.0,125,0.6337768505766516,0
58.58488,-116.98219,15.3,52,12.1,0.5,153,0.5043989993094727,1
60.1846,-117.1136,15.9,40,12.3,0.7,153,0.46681774613288485,0
53.82156,-101.4024,17.4,56,26.7,0.0,169,0.7367563306699771,1
51.7027,-102.5871,20.4,63,32.8,0.0,169,0.7818519501435637,0
50.48812,-104.56374,21.6,53,24.8,0.0,174,0.8787719768263342,1
47.9343,-101.8576,22.9,54,18.7,0.3,174,0.7055369479509206,0
61.98193,-115.25088,19.4,40,17.6,0.6,175,0.5286753316575117,1
63.6667,-116.0721,18.8,47,23.5,0.1,175,0.5082075671095715,0
49.85525,-101.30019,17.9,60,25.3,0.3,178,0.7137143084122652,1
47.6817,-99.0912,18.9,57,20.9,0.0,178,0.6057232470732985,0
62.01622,-115.06441,17.3,44,19.6,0.2,179,0.4704002886801034,1
64.4016,-114.6479,15.4,48,21.8,0.2,179,0.463263057140039,0
64.75903,-117.21449,12.2,56,21.5,0.0,180,0.5785130019830447,1
66.4407,-115.7048,7.6,59,21.9,0.0,180,0.2878520042265702,0
57.0483,-111.61758,14.6,52,16.1,0.0,181,0.3583551918337276,1
55.6197,-112.5011,14.7,55,15.8,0.0,181,0.3807172131889821,0
57.27023,-109.47586,14.6,50,14.0,0.0,183,0.3961248515152044,1
57.4336,-112.3479,12.9,62,12.0,0.0,183,0.4951451296578744,0
64.71184,-117.30413,15.2,57,12.8,0.0,184,0.37804862950581936,1
63.1096,-117.0442,16.3,50,14.9,0.0,184,0.3261126884247815,0
63.77848,-121.40918,16.5,50,17.3,0.0,185,0.4632460582918386,1
60.80786,-131.70515,17.6,53,13.0,0.1,185,0.4896498707222586,1
64.22953,-114.42655,16.4,40,11.2,0.0,185,0.511814775189741,1
65.6369,-120.2437,16.8,60,20.2,0.0,185,0.28146566444199933,0
58.6767,-132.7364,22.7,58,4.4,0.0,185,0.42257339481598005,0
63.1041,-116.1061,17.8,46,13.2,0.0,185,0.4849358098445211,0
61.35781,-129.66545,18.9,56,9.8,0.1,186,0.3228621265795234,1
62.89434,-123.1252,20.0,48,14.6,0.0,186,0.5942453291352173,1
59.05219,-111.13839,18.2,46,15.2,0.0,186,0.5322097986777556,1
58.95459,-111.16566,18.4,44,15.5,0.0,186,0.36371500834424036,1
64.40007,-122.79351,20.8,44,16.0,0.0,186,0.42308676801368833,1
64.90773,-140.86658,20.2,62,13.8,0.0,186,0.3701557462422997,1
60.4506,-126.9241,15.9,60,12.0,0.0,186,0.4967494223590562,0
60.8586,-122.7942,19.8,54,14.6,0.0,186,0.3084736528765059,0
56.1142,-110.0893,16.2,57,15.4,0.5,186,0.3911574360434102,0
60.1952,-113.8903,17.9,48,12.2,0.0,186,0.3594398578185281,0
62.1758,-121.1042,19.5,44,17.1,0.0,186,0.35924531200656246,0
63.6597,-138.4949,21.4,56,10.1,2.0,186,0.47657006482262887,0
63.68756,-121.19891,20.9,45,12.9,0.0,187,0.48057097121314407,1
64.23515,-114.46423,22.1,31,12.7,0.0,187,0.45419013265747576,1
62.60732,-140.88994,19.2,75,9.2,1.6,187,0.32500395134418897,1
63.43758,-132.72919,16.2,63,8.7,4.0,187,0.42559166501191914,1
60.49363,-126.18954,16.9,58,11.2,0.0,187,0.39236855033004453,1
64.2557,-120.7379,21.6,44,15.6,0.0,187,0.3442162275072055,0
67.1774,-113.0123,20.9,44,23.2,0.0,187,0.24486217296222954,0
60.487,-140.4815,7.1,46,7.0,0.0,187,0.4879948110680018,0
62.2145,-131.7118,19.5,63,14.8,0.2,187,0.42008137052606825,0
61.5306,-125.5125,20.7,55,6.2,0.0,187,0.5416786291019456,0
63.68338,-121.19381,22.0,47,19.6,0.1,188,0.31001786082262006,1
65.10336,-119.17183,22.4,44,17.3,0.0,188,0.13671328413115688,1
56.45764,-110.05969,18.6,59,14.4,0.0,188,0.5768169956352973,1
59.4357,-110.72144,20.4,48,18.0,0.0,188,0.4352118785425393,1
62.95181,-123.09159,23.2,45,17.4,0.0,188,0.5198499127473961,1
66.03799,-134.9949,22.4,56,10.8,0.2,188,0.1353040365018572,1
62.0596,-120.4153,21.1,48,16.5,0.2,188,0.3229087397100855,0
64.2429,-117.2515,22.9,45,17.7,0.0,188,0.38404842793251426,0
55.7159,-109.929,17.2,63,16.4,0.0,188,0.38380065556421467,0
57.4839,-109.7253,19.0,50,15.2,0.0,188,0.4770898039342808,0
63.039,-121.2633,21.7,49,20.1,1.5,188,0.5407229994274807,0
64.7358,-132.6024,15.6,62,8.2,0.6,188,0.5344853886154727,0
63.78459,-121.53346,22.8,40,21.1,0.0,189,0.4238551960439155,1
63.21804,-136.52888,18.5,57,12.9,0.6,189,0.42798799988414427,1
59.50806,-106.43832,19.7,54,18.4,0.0,189,0.529276706865212,1
59.43818,-102.09511,18.9,61,14.2,0.0,189,0.4381233688226386,1
65.10503,-119.23812,22.9,46,19.5,0.0,189,0.22356264482925714,1
64.84524,-117.46729,22.3,49,16.8,0.0,189,0.4323529418390663,1
65.06673,-118.84481,24.4,39,20.1,0.0,189,0.1383266510076079,1
64.8665,-119.8144,21.9,45,17.6,0.0,189,0.3164957316610464,0
62.8996,-134.6523,15.0,57,7.1,0.0,189,0.538435198929099,0
59.6054,-108.1637,19.5,49,17.1,0.1,189,0.5999840778308699,0
58.8031,-102.6447,18.6,61,16.3,0.0,189,0.33093275692167906,0
66.1386,-117.6081,25.1,29,17.5,0.0,189,0.15664041162092335,0
64.2393,-117.9108,21.9,46,18.2,0.0,189,0.5467509316054826,0
64.9227,-116.5712,21.4,51,12.6,0.0,189,0.4034891545792719,0
67.49733,-136.77635,21.4,61,6.8,0.0,191,0.12981780039894006,1
66.0016,-136.1364,19.1,73,14.1,1.0,191,0.1298659014720624,0
64.93471,-124.74402,18.8,73,15.6,9.6,192,0.4171799991790557,1
63.3519,-124.3974,16.7,78,11.8,5.8,192,0.5108381413394304,0
56.15948,-101.90447,20.2,77,14.0,1.3,198,0.5812096617287514,1
56.69503,-107.46844,18.8,76,19.4,5.5,198,0.4285519662013796,1
57.9183,-103.6351,17.0,83,16.3,0.4,198,0.4527207758440277,0
56.7508,-105.1005,19.2,74,13.3,0.1,198,0.5978405052313882,0
55.83132,-101.65202,20.7,65,10.8,0.0,199,0.5197003912944442,1
56.0546,-100.9093,20.4,65,11.2,0.0,199,0.5301075434358031,0
55.67769,-101.53741,23.4,57,17.6,0.2,200,0.52645835228213,1
55.13281,-102.04924,23.6,59,19.1,0.2,200,0.47673490652152384,1
53.6073,-101.5062,23.2,64,11.7,0.0,200,0.6629211674982832,0
52.4516,-100.5578,24.5,61,16.5,0.0,200,0.7481563155168429,0
55.72731,-101.34811,19.9,67,25.4,6.2,201,0.34040685209421445,1
56.22445,-106.84245,17.2,68,25.6,3.2,201,0.47245319233200544,1
56.14146,-101.75681,19.3,68,23.9,2.1,201,0.376804228583,1
54.3669,-99.3249,22.4,59,28.3,2.5,201,0.7446544752326894,0
54.0578,-108.1552,18.9,53,25.6,0.1,201,0.6927776590470431,0
54.8023,-100.0557,21.7,61,24.0,2.2,201,0.6580698820055136,0
57.23322,-122.21557,18.0,67,9.7,0.0,207,0.458118765123678,1
54.5811,-119.2498,17.1,67,13.8,0.0,207,0.7330929652398428,0
58.56966,-116.26464,21.9,78,16.4,0.0,209,0.3150245983897372,1
56.4528,-113.2894,23.1,65,12.3,0.0,209,0.38961362491824447,0
63.00552,-116.62865,16.3,57,9.4,0.0,214,0.5096838115550062,1
61.8502,-116.4943,16.6,57,8.6,0.0,214,0.43347895392918034,0
49.38733,-119.77193,17.4,41,16.5,0.0,215,0.7405907567615407,1
48.571,-119.227,20.4,26,20.9,0.0,215,0.8646498075708593,0
63.04437,-116.56683,16.0,66,10.4,0.2,217,0.5844598175354951,1
61.1836,-113.7352,15.5,70,14.8,0.0,217,0.5236492588417168,0
49.30748,-115.56815,14.9,49,9.8,0.4,218,0.7203071589469109,1
50.5659,-116.6798,8.3,61,10.4,0.0,218,0.7575800695016117,0
62.99401,-116.53374,19.0,54,11.8,0.0,225,0.4665915460727386,1
62.2985,-114.7789,17.4,75,16.1,0.0,225,0.3383500769187656,0
50.73586,-115.6699,21.0,52,7.4,0.0,229,0.721893484739125,1
49.7934,-114.4431,16.1,55,13.7,0.0,229,0.6978156318454936,0
49.90936,-117.01678,20.9,43,6.6,0.0,230,0.7859841897652888,1
66.39659,-127.64061,21.5,44,33.2,0.0,230,0.23872825379279047,1
49.29673,-115.5451,22.4,44,8.6,0.0,230,0.744601746933007,1
50.5652,-115.3594,17.5,54,9.0,0.0,230,0.7545696710682191,0
67.2751,-125.1771,17.0,58,38.7,0.2,230,0.26609882825163866,0
48.0322,-115.1666,22.5,52,7.7,0.0,230,0.8437850009800315,0
63.05459,-116.40389,19.8,55,14.2,0.0,231,0.3242004974753262,1
65.4881,-114.3853,15.5,58,27.0,0.0,231,0.19926700121601365,0
62.14399,-115.08607,18.0,70,24.9,6.8,232,0.5045081996058062,1
59.5965,-112.5392,21.9,51,19.9,0.0,232,0.519697165446905,0
57.15152,-101.45914,18.8,64,15.8,0.0,233,0.4395341499778955,1
62.85346,-122.73519,13.6,62,15.0,0.0,233,0.40308891087005194,1
54.2308,-98.7197,22.5,71,17.9,7.5,233,0.7732171850495886,0
61.2816,-120.557,16.2,61,11.4,0.0,233,0.5355715840572934,0
60.19632,-110.27923,14.4,54,16.3,0.0,235,0.3450181134327207,1
60.8698,-112.01957,14.0,55,16.6,0.0,235,0.5674233111210052,1
59.22503,-110.55228,16.2,64,14.3,0.0,235,0.5936771070225861,1
60.54728,-109.53397,12.2,57,19.4,0.0,235,0.5497647242894332,1
62.8176,-109.3382,8.1,68,29.7,0.0,235,0.3524268345998756,0
60.6484,-112.6341,14.9,54,16.6,0.0,235,0.5003791969299803,0
61.5498,-107.8677,7.7,69,30.5,0.0,235,0.40212619384694237,0
58.7852,-111.3753,18.5,61,14.4,0.0,235,0.3061822139740801,0
60.5631,-125.84638,17.6,58,13.8,0.0,236,0.5588137605792869,1
59.88956,-118.26747,21.0,61,16.7,0.0,236,0.4070931572863342,1
63.0992,-124.0284,17.9,74,8.4,0.0,236,0.4786210004175263,0
61.8435,-120.0439,19.3,64,14.0,0.0,236,0.563099511918205,0
60.31479,-126.96706,20.0,60,17.3,0.0,237,0.3932663732849779,1
62.6957,-125.9563,17.6,59,13.7,0.0,237,0.36986845817609837,0
60.57632,-125.84647,15.2,56,20.2,0.0,238,0.4287595334690905,1
59.7348,-126.1089,14.7,61,17.4,0.0,238,0.5754343161137447,0
57.88288,-103.80682,20.8,62,14.0,0.0,239,0.537728521999934,1
60.43379,-126.04456,14.0,58,18.4,0.2,239,0.5765731732641357,1
56.4418,-106.6423,21.5,58,14.0,0.0,239,0.3276966976870471,0
62.5649,-126.2622,4.6,81,10.8,5.4,239,0.3202860426858684,0
49.16158,-118.77826,18.9,53,15.4,0.0,247,0.6763771220109773,1
51.4848,-120.2805,17.1,53,14.9,0.2,247,0.8628963105775187,0
56.29255,-106.34213,20.6,66,14.7,3.8,248,0.33300329751235747,1
58.9928,-109.3147,19.0,68,17.8,0.0,248,0.3174419942633187,0
46.52447,-84.37,16.6,79,8.3,0.0,249,0.6913358703807116,1
49.32,-81.611,16.5,67,11.5,0.0,249,0.604396026625365,0
50.29234,-122.04701,11.8,79,12.4,7.0,256,0.7243481620092574,1
51.6528,-124.5039,9.5,60,6.2,2.9,256,0.8424823540307397,0
56.02474,-122.5044,9.8,54,9.1,0.0,257,0.5353503391152119,1
58.531,-124.0002,10.1,66,9.6,0.0,257,0.4123794216096141,0
55.95523,-122.53149,10.9,59,12.9,0.1,258,0.4442310978337461,1
56.6133,-125.3528,11.1,60,10.4,0.0,258,0.5491520369993628,0
56.06706,-122.39776,8.8,78,10.7,4.2,259,0.49880536037169076,1
53.4936,-119.5294,2.6,92,9.7,7.0,259,0.8067315039000627,0
48.32137,-123.55439,16.9,55,14.6,0.0,264,0.6911455572809835,1
50.1578,-122.9924,9.7,51,8.8,0.0,264,0.8755943918727465,0
60.37636,-118.36701,18.1,52,16.8,0.0,265,0.458304376553232,1
60.6853,-116.7094,16.5,58,18.4,0.0,265,0.40790114243104386,0
60.68515,-123.62405,12.3,48,13.8,0.1,275,0.556380099834904,1
60.7765,-121.6646,12.0,45,25.7,0.0,275,0.3747151181711605,0
56.12231,-122.7918,9.8,77,10.9,0.0,281,0.4118045787290334,1
53.9436,-119.9705,6.6,75,13.2,0.0,281,0.7636373623674914,0
55.97648,-122.48809,11.7,59,24.7,0.4,283,0.3577988517922319,1
52.38285,-103.80759,11.2,61,20.9,0.0,283,0.8292632141379376,1
53.5102,-120.7299,8.9,70,17.7,6.0,283,0.8997642157861008,0
55.2836,-105.5685,13.3,62,16.5,0.0,283,0.49128782272771343,0
55.96833,-122.35999,7.5,51,23.2,0.0,284,0.442995174371279,1
54.6296,-124.8463,7.9,61,21.2,0.0,284,0.6121335559231423,0
49.04492,-121.12987,6.9,73,4.2,0.0,285,0.6299430308804738,1
51.0918,-122.24749,6.7,73,7.6,0.0,285,0.7122334162339811,1
50.6921,-119.887,11.7,61,6.8,0.0,285,0.8664938718387611,0
53.2167,-119.8482,1.8,89,9.0,1.5,285,0.7138358242592273,0
60.11602,-124.51551,6.1,69,16.2,0.1,287,0.4060319381664128,1
58.1201,-124.0698,5.2,76,21.0,0.5,287,0.47210526208315395,0
49.6898,-125.6985,11.1,67,9.0,0.0,290,0.724636972337101,1
51.8342,-124.1408,10.5,64,10.7,0.0,290,0.6628558678998098,0
54.76466,-120.96606,9.4,70,17.7,0.4,292,0.7606837860631294,1
52.3023,-121.3156,11.0,65,10.5,0.0,292,0.7148921403011188,0
51.61712,-115.535,7.7,52,16.9,0.3,293,0.7897698085404685,1
51.49168,-115.59045,6.3,57,23.9,0.3,293,0.8780462108272471,1
53.0468,-115.8716,10.9,59,24.4,5.3,293,0.8694663856428662,0
51.7231,-117.2975,5.2,74,8.6,1.9,293,0.7977555237147986,0
57.00482,-111.47855,7.0,46,20.0,0.0,301,0.47961897657330144,1
58.2735,-114.3796,4.0,58,20.9,0.0,301,0.4070211572072878,0
46.04714,-73.14169,8.5,75,13.0,0.0,306,0.8018443813011552,1
46.4996,-74.6099,6.3,74,11.4,0.0,306,0.6957712495823762,0
56.21157,-120.38726,1.2,73,19.7,0.0,325,0.5901986232036229,1
55.7193,-122.6708,-6.0,95,21.7,1.1,325,0.5155264585683991,0
54.50443,-119.68885,-3.8,69,20.6,0.0,342,0.6560816510693027,1
57.2592,-118.5072,-10.4,86,16.3,0.0,342,0.4632974257499605,0
52.81641,-115.88102,17.1,34,22.5,0.0,125,0.6441939941698204,1
54.94109,-115.73129,17.3,34,25.2,0.0,125,0.8152890306336913,1
53.23574,-115.82272,18.0,33,23.9,0.0,125,0.6459494037171474,1
53.9092,-114.1497,19.1,29,27.9,0.0,125,0.6617866879161645,0
56.1011,-114.4785,19.3,37,20.1,0.0,125,0.530316425925217,0
52.0105,-113.8608,18.6,26,25.2,0.0,125,0.7479532682357553,0
53.00875,-115.90522,11.6,45,24.2,1.3,126,0.8493986941708455,1
54.44627,-116.44549,12.2,41,29.3,0.0,126,0.6414045420693566,1
52.438,-115.2126,11.3,46,23.8,0.5,126,0.6282742737848604,0
51.6059,-113.6591,12.1,43,28.1,0.4,126,0.7027896773538058,0
58.46647,-119.30659,19.4,44,20.3,0.0,134,0.31399045145391435,1
56.53507,-121.20578,19.7,39,16.3,0.0,134,0.362747828798173,1
56.4774,-117.8046,19.5,43,11.7,0.0,134,0.5268881173077551,0
53.6466,-119.1788,9.2,45,7.6,0.0,134,0.6632222772648847,0
57.66452,-121.35751,19.1,49,22.2,0.0,135,0.5475788326477645,1
57.7184,-121.45303,18.9,50,22.4,0.0,135,0.5643406840174416,1
55.82737,-108.19651,22.1,30,16.6,0.0,135,0.3509751456451888,1
56.15662,-105.58501,20.9,37,17.9,0.0,135,0.39413499760716075,1
56.1862,-123.2121,17.7,46,10.1,0.0,135,0.5625485918569608,0
60.6045,-122.1371,14.5,68,17.1,26.0,135,0.5248360114447309,0
55.2775,-110.2087,19.5,40,13.3,0.0,135,0.30632064401107933,0
56.3745,-107.646,22.1,31,14.2,0.0,135,0.5785865130934713,0
56.41799,-106.56015,16.0,44,25.6,4.7,136,0.4267357553676765,1
58.0709,-107.2111,11.1,60,24.7,7.3,136,0.31080535659187575,0
61.83147,-124.12407,17.6,47,12.5,0.0,138,0.5260118200754363,1
64.8192,-122.3909,12.2,60,16.9,0.0,138,0.38400668361533474,0
55.12786,-106.15733,17.1,50,13.6,0.0,142,0.38589735238977757,1
53.2796,-105.4754,17.5,59,17.6,2.7,142,0.6114564218000458,0
58.43074,-119.7211,19.2,43,18.4,0.0,147,0.4656824717759218,1
59.9558,-119.5597,17.5,41,20.7,0.0,147,0.42433406862438794,0
57.6961,-110.49145,19.2,43,25.6,0.0,149,0.4911422354955945,1
59.2644,-112.3988,16.8,60,20.5,0.6,149,0.3774007180918006,0
56.53057,-106.79736,19.4,40,12.7,0.0,150,0.5683327984223447,1
54.0749,-106.0523,17.4,51,11.8,0.0,150,0.7439819554466041,0
59.40661,-112.39173,17.3,45,18.9,0.0,151,0.34431519322944654,1
57.2766,-110.9588,18.3,45,12.8,0.0,151,0.583794507942675,0
59.9192,-120.91025,10.7,53,19.7,2.0,152,0.36557157361243064,1
57.6532,-119.9791,10.6,39,17.4,0.0,152,0.45106574818570133,0
60.02885,-120.0014,18.5,45,23.4,1.8,162,0.3950961501722272,1
61.5364,-120.7288,16.2,74,21.8,5.7,162,0.47240077906262445,0
56.3699,-107.97789,19.7,58,17.1,0.0,163,0.37980529277344155,1
54.834,-106.0359,22.2,55,16.1,0.0,163,0.6469162267061228,0
56.31103,-105.96639,15.0,62,24.2,0.0,165,0.4472974152363327,1
59.12028,-120.29721,15.4,52,15.5,0.3,165,0.46093124424197873,1
56.9905,-107.2643,17.2,61,19.9,0.8,165,0.4105480620116871,0
57.618,-122.7495,11.8,55,13.0,4.0,165,0.3395392579459867,0
52.96096,-75.75377,14.9,63,14.1,0.0,168,0.799063742212063,1
55.5805,-75.5102,13.8,52,23.7,0.0,168,0.3698532408821704,0
48.9453,-77.06114,23.0,54,14.4,0.0,172,0.6417987242623315,1
50.6567,-74.7783,20.8,54,14.2,0.0,172,0.8486486224548636,0
52.93802,-75.02545,24.0,45,24.8,0.0,173,0.8693051529551056,1
49.62642,-76.97367,25.6,41,15.1,0.0,173,0.6728938570890278,1
51.12712,-66.15784,23.0,52,19.6,0.0,173,0.6143122255213083,1
51.2427,-74.0336,23.6,50,20.9,0.0,173,0.7861360728256542,0
48.3672,-76.7464,23.2,55,12.0,0.0,173,0.6057980066217026,0
50.4289,-64.0501,21.1,60,23.7,0.0,173,0.8531143019738567,0
53.41558,-74.74831,22.7,63,21.2,1.9,174,0.7373251053414052,1
51.02331,-87.14952,22.0,61,13.6,0.1,174,0.6653196573762726,1
51.0821,-77.002,24.6,48,20.7,0.0,174,0.8019019905235263,0
49.9564,-86.9973,22.1,56,15.0,0.0,174,0.7496531161516921,0
53.195,-88.25642,17.8,53,12.5,0.0,175,0.7262266179224014,1
53.573,-89.356,17.5,55,15.5,0.0,175,0.8127943232282012,0
52.67865,-75.39606,14.8,64,14.5,0.0,176,0.8379911754286873,1
50.16835,-78.24535,16.3,66,15.8,0.0,176,0.8572071721791751,1
53.01477,-74.25527,14.5,65,16.2,0.0,176,0.6520263451628387,1
52.3188,-76.298,15.6,65,16.5,0.0,176,0.7477890844470753,0
49.8505,-75.8657,18.1,54,13.1,0.0,176,0.6584203397166644,0
52.2501,-72.8349,15.5,62,13.3,0.0,176,0.7245254660917326,0
55.47908,-101.45831,16.0,74,14.5,32.0,178,0.541794720699493,1
54.5691,-99.3851,17.4,62,14.1,8.4,178,0.8891692785192262,0
59.14688,-110.69392,23.6,61,12.6,0.0,180,0.4939968024621785,1
61.6892,-111.4896,22.9,57,10.2,0.0,180,0.3950168745630895,0
53.96231,-74.68443,19.7,81,10.8,3.6,183,0.8469241115421496,1
53.3001,-76.7246,23.1,60,12.1,0.0,183,0.6057146663210153,0
56.31899,-68.92026,25.6,48,20.6,0.0,186,0.4219090204689795,1
56.9979,-68.5092,25.0,50,18.4,0.2,186,0.5073619076621033,0
56.97029,-62.02187,17.7,59,21.9,0.0,187,0.39059245340830784,1
54.1817,-59.599,14.3,69,15.3,0.0,187,0.7799902193579882,0
59.4841,-112.1523,17.1,54,11.0,0.0,192,0.4481282168872774,1
54.20981,-125.49299,17.0,57,15.5,0.4,192,0.7362828410897161,1
60.1861,-113.8612,18.0,52,15.6,0.0,192,0.4973390914616572,0
53.6604,-127.5154,13.2,74,13.1,0.2,192,0.637839202859821,0
59.07639,-114.27304,19.2,50,17.8,0.0,193,0.3771090417143183,1
54.01799,-126.28839,16.2,50,15.2,0.0,193,0.6431131331619326,1
60.8934,-111.7197,20.5,50,19.0,0.0,193,0.39002468842031224,0
54.066,-128.0923,10.9,64,9.2,0.0,193,0.8843553398516062,0
59.45275,-112.57943,21.1,45,21.8,0.0,194,0.4394914941643989,1
53.1086,-77.04007,17.4,62,21.6,0.0,194,0.6609494171809952,1
59.66266,-113.77695,20.9,49,22.5,0.2,194,0.3479614278326075,1
62.3224,-109.6259,17.0,52,27.6,0.0,194,0.35143374543102707,0
51.7249,-77.586,17.9,60,16.8,0.0,194,0.882722195432806,0
62.4063,-110.8217,17.5,56,21.4,0.0,194,0.5092496834394744,0
51.25124,-78.36884,19.5,72,21.6,0.1,195,0.6914219197747635,1
48.4302,-77.2477,17.5,78,17.7,7.7,195,0.8123104336982749,0
53.10183,-76.85716,20.9,67,18.3,3.0,196,0.745826348713401,1
52.6982,-74.0424,19.8,65,23.8,1.1,196,0.6133079310883222,0
58.11206,-114.14968,18.4,65,13.5,0.0,197,0.3331393920649621,1
59.5429,-114.5961,16.4,61,15.1,0.4,197,0.4033924579951602,0
60.83733,-111.61404,21.1,49,17.7,0.0,198,0.5060445477616625,1
62.7085,-113.4778,22.0,46,22.5,0.0,198,0.5019586723289429,0
59.80619,-113.83471,20.0,51,13.2,0.0,204,0.5775812060139763,1
62.1773,-113.024,21.0,55,10.2,0.0,204,0.4565531177769073,0
61.44479,-110.66202,19.3,52,21.2,0.0,207,0.3273876328780848,1
59.588,-111.3733,19.2,59,22.2,2.9,207,0.5640966122474558,0
60.61591,-112.69287,19.9,50,14.2,0.0,208,0.4950519681814801,1
61.33735,-111.54292,19.1,53,18.2,0.0,208,0.5801041555175925,1
61.5035,-112.1205,19.8,52,18.9,0.0,208,0.5610249898082444,0
63.5863,-110.1039,17.5,60,20.3,0.0,208,0.46562598107060116,0
51.0359,-119.71535,23.5,42,15.9,0.0,211,0.6902370185022415,1
50.4758,-118.0315,17.5,45,14.7,2.0,211,0.6537708437352845,0
66.91724,-128.69354,22.0,55,10.9,0.0,213,0.2224074473171444,1
69.8846,-127.7007,15.5,85,10.9,0.0,213,0.12468192602364246,0
49.03222,-119.62429,17.9,50,13.2,0.0,215,0.6799336087547917,1
51.8402,-117.9988,11.6,51,15.3,0.0,215,0.8471005056601426,0
66.19344,-130.62643,20.9,61,9.8,0.0,218,0.2608672232514513,1
63.79097,-136.64034,19.1,52,14.2,0.0,218,0.3549158582074509,1
66.26809,-139.01324,20.5,54,13.3,0.0,218,0.14240687533298588,1
63.6131,-116.02317,16.8,67,11.5,0.6,218,0.3947949643452444,1
50.75639,-117.139,16.6,69,7.8,1.6,218,0.6142937200923987,1
67.3266,-127.773,19.0,60,18.2,0.0,218,0.15157704521509952,0
60.8106,-136.4901,19.5,58,12.4,0.0,218,0.4690780022086273,0
65.0396,-138.2957,17.4,52,19.1,0.0,218,0.26566388229144566,0
64.7229,-114.1441,13.5,68,9.3,0.0,218,0.3508671072431068,0
49.7752,-117.8313,14.6,62,9.0,10.2,218,0.8227297794945665,0
64.9458,-135.92657,22.4,39,12.8,0.0,219,0.45966726969198335,1
63.3255,-138.0912,18.7,47,15.1,0.0,219,0.5277153466951312,0
53.39729,-77.47522,20.3,68,12.6,0.2,220,0.8122688601805881,1
65.65073,-135.93034,22.1,64,12.0,0.0,220,0.13419809987317932,1
50.5934,-75.442,18.0,77,15.1,1.2,220,0.8587112052911985,0
65.3427,-134.0562,19.1,53,14.8,0.1,220,0.26741933154602654,0
64.87748,-125.11396,22.6,50,20.0,0.0,221,0.39962775614811885,1
63.3713,-127.0352,8.9,72,11.6,1.2,221,0.31806455449026083,0
61.45616,-111.60407,17.5,60,14.3,0.0,222,0.5957806489187059,1
61.52613,-110.76548,17.0,59,13.4,0.3,222,0.3069154590425866,1
61.2393,-112.6555,16.9,62,16.2,0.0,222,0.31655780916303217,0
60.1891,-110.7096,16.1,70,16.4,0.2,222,0.3565515534167666,0
62.59261,-115.03744,15.7,58,23.4,0.0,227,0.5958230851331352,1
65.0668,-116.8743,10.4,77,22.9,0.2,227,0.2074200527662566,0
62.75957,-114.89811,15.6,58,21.8,0.0,228,0.5280543110305345,1
50.41267,-120.44395,23.0,34,14.3,0.0,228,0.6728761546216355,1
64.9611,-113.0635,9.9,74,29.5,0.0,228,0.30587343020191937,0
50.7437,-122.3683,18.8,50,8.5,0.0,228,0.652284205677865,0
60.22791,-118.23445,16.6,59,15.7,8.3,229,0.42704555353056106,1
59.3928,-119.635,15.7,54,19.8,0.0,229,0.48136796441669855,0
49.987,-121.59918,17.4,62,10.4,0.3,230,0.6143493434587916,1
48.1748,-119.123,27.4,25,24.5,0.0,230,0.6637926218495295,0
50.0898,-121.51891,16.0,37,13.8,0.0,233,0.7879068058460772,1
48.2164,-118.6052,19.0,34,12.5,3.2,233,0.6606158049140868,0
60.44488,-119.7356,20.1,54,18.2,0.3,238,0.37946601217871584,1
57.8672,-118.9891,20.6,47,17.8,0.0,238,0.46628433610049635,0
60.71943,-112.02811,15.0,78,16.6,0.6,239,0.502710840550236,1
61.2807,-109.8934,10.5,82,15.3,4.7,239,0.4915895011354747,0
59.1319,-120.56786,24.1,44,15.0,0.0,240,0.48957969107909544,1
56.4644,-118.0544,21.2,61,13.7,0.0,240,0.4902319575254074,0
60.74106,-112.04837,21.2,67,12.5,0.0,241,0.48210210247942364,1
59.45419,-120.78731,22.9,49,14.3,0.0,241,0.44770136827351403,1
58.51728,-120.21447,23.0,58,11.0,0.0,241,0.49200964869438213,1
58.56337,-120.90772,23.4,56,8.4,0.0,241,0.4940189230798261,1
61.2468,-109.6895,17.5,76,15.5,0.0,241,0.42246611124171585,0
58.4037,-123.061,22.6,54,13.2,0.0,241,0.579648201168328,0
55.9181,-120.8351,20.9,50,13.7,0.0,241,0.3319128856462993,0
61.0127,-121.7904,21.0,71,9.4,0.0,241,0.35923183515000234,0
56.16251,-108.07144,21.8,74,12.8,0.0,242,0.31938543623288723,1
53.7808,-109.7461,21.9,58,18.6,0.1,242,0.6675275715664115,0
60.45319,-120.16389,16.2,57,35.0,0.2,244,0.3461663222891492,1
58.9888,-117.6799,17.6,60,29.2,0.0,244,0.4919036289541887,0
53.4931,-124.18235,15.5,49,15.3,0.0,245,0.8375928941027426,1
56.2044,-124.2786,15.8,49,14.1,0.0,245,0.5634314231847768,0
59.67641,-111.5388,14.1,71,19.0,3.2,246,0.49481805930572365,1
62.3152,-110.0449,11.0,74,24.2,0.6,246,0.3353961962725891,0
60.16053,-112.80112,16.8,58,15.2,0.0,254,0.5942915116531271,1
61.9581,-111.8424,16.9,60,20.6,0.0,254,0.5173947403609194,0
58.33694,-119.86686,16.9,45,16.1,0.0,255,0.44771388519582506,1
58.995,-117.9495,15.6,59,16.1,0.0,255,0.3719113491928318,0
53.66899,-125.24996,8.7,63,12.8,0.0,257,0.7845418963811269,1
54.5956,-123.2126,10.3,59,18.4,0.0,257,0.8503219364153323,0
58.72274,-121.58942,14.7,52,28.5,0.0,259,0.5884605990375161,1
58.8826,-123.0594,13.0,61,18.2,0.1,259,0.4917977532318969,0
58.21667,-118.05403,14.5,51,16.9,0.0,260,0.3152622369145675,1
55.6283,-121.0405,12.9,52,24.1,0.0,260,0.44430755632561447,0
58.40408,-118.34483,15.4,47,18.4,0.0,261,0.5147203853453581,1
55.6057,-118.4717,13.5,51,28.5,0.9,261,0.43008985853401405,0
60.67444,-112.0136,11.1,76,16.1,0.1,263,0.3137641631815215,1
58.4596,-111.3856,12.1,73,11.1,0.0,263,0.5063189455956426,0
58.41188,-118.29346,14.6,51,17.4,0.0,264,0.33819484157767427,1
57.2276,-118.4693,11.2,59,17.1,0.0,264,0.3569545694517124,0
61.0627,-112.14083,14.5,64,14.2,0.0,265,0.35379517839964714,1
62.1482,-113.1413,13.8,74,14.9,0.0,265,0.574946146243145,0
60.82392,-119.52299,15.5,56,18.5,0.0,266,0.3782307165997094,1
58.62754,-121.05409,16.4,43,21.3,0.0,266,0.448926161315801,1
58.07972,-119.81196,15.4,48,18.6,0.0,266,0.4290137277640843,1
58.58313,-118.31287,16.2,50,17.3,0.0,266,0.5564724849058212,1
58.41615,-117.93912,16.0,48,18.2,0.0,266,0.4218902832587924,1
60.0057,-116.00751,17.6,48,19.4,0.0,266,0.37710522937546365,1
62.2405,-120.0834,10.1,77,21.5,0.0,266,0.32732585813747217,0
57.9286,-120.9528,16.1,46,21.3,0.0,266,0.5761662301420616,0
56.9246,-120.7187,14.0,43,15.8,0.0,266,0.342926448919636,0
56.4332,-117.2977,13.9,66,12.4,0.0,266,0.5424573966452513,0
56.2072,-116.5468,14.9,63,17.6,0.0,266,0.45173717974998395,0
59.1575,-117.4757,16.0,55,20.7,0.0,266,0.5229873928346812,0
58.81925,-113.22835,6.1,51,16.7,0.0,114,0.3556628720836016,1
59.3324,-111.3828,5.0,58,17.7,0.0,114,0.4345531418793781,0
59.78857,-121.59566,15.2,36,35.8,0.1,131,0.4744535675160036,1
59.7115,-123.6352,14.6,36,35.3,0.1,131,0.40492712481492477,0
58.50089,-121.43837,12.2,37,12.9,0.0,133,0.5559569664086829,1
55.5706,-121.8111,10.6,55,17.6,0.1,133,0.44011175150800785,0
56.57871,-111.77982,14.0,52,17.7,0.0,135,0.5243397686224696,1
59.2002,-111.7747,11.3,70,10.7,2.8,135,0.44844914251813095,0
59.24272,-121.22751,7.9,63,13.8,0.2,139,0.5815163221666841,1
62.0816,-124.0336,4.0,76,10.7,3.2,139,0.3305158744522463,0
59.20747,-122.59705,15.2,40,17.2,0.0,154,0.39760286213743457,1
61.1636,-122.8953,14.5,44,17.7,0.0,154,0.5198314691467483,0
46.52431,-84.38032,23.1,77,23.6,1.8,171,0.759246661591587,1
44.5424,-85.4681,27.1,60,22.1,0.3,171,0.8203386228298106,0
52.26719,-66.92329,16.9,52,30.2,0.0,177,0.8665787199771664,1
50.49,-65.7022,18.3,50,16.2,0.0,177,0.6086313589272713,0
65.73381,-136.48604,19.7,41,10.2,0.0,180,0.2649005954693091,1
63.1868,-135.3703,17.1,38,9.7,0.0,180,0.3245957889121244,0
56.69785,-93.71127,19.9,44,20.9,0.0,182,0.4497537017166994,1
53.8109,-95.7245,17.1,55,16.6,0.0,182,0.7568577139525151,0
62.53706,-123.32647,22.6,68,7.1,0.0,183,0.5316788764665791,1
61.6939,-123.2604,21.1,55,8.5,0.4,183,0.5653528619401602,0
59.71357,-121.44504,17.5,76,11.6,3.1,185,0.3838920690645742,1
57.0576,-122.6458,13.0,75,13.3,2.1,185,0.5706459446317635,0
58.94308,-121.11269,20.2,43,23.3,0.0,187,0.4685650247083707,1
58.0288,-119.1416,19.0,54,19.2,0.0,187,0.5599410318477881,0
59.64094,-121.15096,19.4,47,23.2,0.0,188,0.3956002641712529,1
58.9696,-123.9348,18.0,45,22.4,0.0,188,0.43983987690518145,0
58.36511,-121.3915,24.1,48,12.9,0.0,191,0.47760222076688413,1
59.11927,-121.333,23.2,47,16.2,0.0,191,0.3106139949559598,1
61.0383,-121.0902,22.6,54,16.3,0.0,191,0.5710274089337523,0
58.6688,-122.0423,24.1,46,11.2,0.0,191,0.5978160614243451,0
64.9176,-118.98917,14.8,60,12.9,0.0,194,0.4412689704310423,1
62.7304,-118.4449,16.2,51,17.4,0.0,194,0.44616890818764715,0
58.79076,-114.38319,16.5,57,15.8,0.1,196,0.5277572319767164,1
59.86801,-118.81066,19.0,53,20.0,0.0,196,0.49631746143216093,1
57.2605,-114.9009,16.6,57,9.8,0.0,196,0.4150336310917651,0
58.6215,-118.6759,17.8,67,15.2,0.6,196,0.582109238689549,0
56.40804,-108.40926,17.3,67,10.6,0.0,197,0.4479595127476521,1
53.7039,-106.2137,16.2,71,13.0,0.0,197,0.7041492323623313,0
57.09526,-113.98322,23.2,56,12.9,0.0,199,0.54902710450386,1
62.46195,-123.36326,24.3,63,15.1,0.0,199,0.38942203076464,1
55.32754,-109.63503,21.3,76,17.1,2.0,199,0.3541859938378434,1
56.57269,-107.92418,23.0,60,15.0,0.0,199,0.5612085252696177,1
59.3205,-116.8102,24.3,53,11.9,0.0,199,0.39657658204934854,0
64.3865,-124.4382,21.2,61,16.6,0.1,199,0.4423944158729861,0
54.306,-112.5852,22.7,61,16.3,0.2,199,0.6968703568569516,0
57.9234,-107.7456,23.4,54,13.4,0.7,199,0.4026737968425287,0
61.71006,-108.72315,23.7,51,15.2,0.0,200,0.49075181355692443,1
60.59425,-119.86552,25.5,41,20.5,0.0,200,0.4392102398852544,1
55.46079,-109.14956,26.3,47,16.5,0.0,200,0.48579885045823945,1
55.18665,-106.9001,25.4,58,13.1,0.0,200,0.41390259011715863,1
59.2814,-109.7953,26.1,59,12.0,0.0,200,0.4973309671035302,0
61.6703,-122.5474,23.6,51,14.4,0.0,200,0.5373462337501937,0
57.8786,-106.2888,24.4,59,13.7,0.0,200,0.5398829668005398,0
56.7037,-106.2271,24.3,52,10.4,0.0,200,0.39046261954699973,0
58.75644,-114.13982,26.5,44,14.7,0.0,201,0.5412838235490471,1
57.38945,-98.65308,20.7,74,16.8,1.0,201,0.5574041676362251,1
58.58653,-121.09278,24.7,47,15.8,0.0,201,0.3781504794439294,1
61.3332,-112.8173,23.7,61,17.2,0.0,201,0.34388436762132524,0
59.984,-98.0173,14.3,72,27.2,0.0,201,0.5486547956128938,0
57.9664,-120.4592,22.8,57,13.0,1.9,201,0.3375015031974432,0
58.68985,-114.89458,21.3,60,12.6,1.2,202,0.49440102358920435,1
60.407,-117.38779,19.8,74,16.6,24.7,202,0.3824938812009769,1
56.28674,-107.50948,25.1,57,12.6,0.0,202,0.4620475961891186,1
64.91967,-119.42435,20.3,50,20.9,0.0,202,0.3728173400008677,1
58.72453,-115.13676,22.5,55,15.0,1.0,202,0.42870659929795507,1
49.93317,-117.4311,23.9,39,5.8,0.0,202,0.8278525772259608,1
58.9406,-113.3662,23.7,59,11.5,0.0,202,0.5553536071306563,0
59.3133,-116.0298,20.9,64,19.3,7.9,202,0.47907743902565003,0
58.1016,-109.4359,23.6,59,14.2,0.0,202,0.3165764546856497,0
62.5205,-119.9866,20.0,63,14.1,6.5,202,0.5891589312253911,0
60.7105,-116.6409,20.3,68,16.9,13.1,202,0.3319550579554377,0
49.2369,-116.3269,26.2,38,10.9,0.0,202,0.6699897172655654,0
50.47,-121.45428,24.0,34,15.4,0.0,203,0.7253003497528875,1
59.14582,-122.4204,24.3,63,10.9,0.0,203,0.3875957800234775,1
47.8431,-121.258,19.5,48,13.2,0.0,203,0.8453372222460528,0
61.3177,-121.8633,20.6,76,9.0,0.0,203,0.582117283607067,0
59.21679,-110.20736,20.6,70,14.6,0.0,204,0.5513884269285299,1
59.5099,-108.8771,20.9,70,25.2,0.0,204,0.5714257095561025,0
55.60393,-110.18465,20.7,78,24.3,13.9,205,0.4111163158781579,1
57.6452,-109.0739,21.9,65,22.2,0.0,205,0.3429919492229719,0
62.95644,-110.05035,19.3,62,31.0,0.0,208,0.5167091984299204,1
62.96775,-109.97644,18.2,65,30.1,0.0,208,0.50008484275216,1
62.7274,-112.733,19.5,60,28.1,0.0,208,0.43460364779572735,0
64.9261,-109.0889,17.6,61,19.4,0.0,208,0.3749435841372905,0
65.47404,-124.96633,21.3,56,14.2,0.0,209,0.2491775558499565,1
62.95532,-109.90779,18.3,62,29.8,0.0,209,0.3252684928806974,1
62.7661,-123.7574,20.1,69,9.7,2.2,209,0.5341030734686885,0
60.915,-107.5383,16.2,71,30.9,16.5,209,0.5424132707591828,0
64.05991,-114.78879,21.1,52,25.8,0.8,210,0.4149080878030824,1
66.3254,-112.241,18.8,57,21.3,0.1,210,0.22253879657917694,0
55.80839,-100.00871,16.5,65,15.0,0.0,217,0.36060297037498107,1
55.0852,-97.7771,16.5,62,15.8,0.0,217,0.5149095533657166,0
63.88513,-122.20448,17.0,57,11.4,0.0,218,0.528977111230306,1
63.03543,-113.27781,15.6,74,14.3,1.6,218,0.561337153493357,1
61.5922,-123.3133,14.9,63,8.9,0.0,218,0.41363536876134943,0
62.2496,-116.2113,17.3,58,14.1,0.0,218,0.5720696717822502,0
63.25773,-118.23253,18.6,49,21.3,0.0,220,0.32225879672018515,1
64.9542,-115.7575,17.4,54,21.5,0.0,220,0.3664761959909445,0
64.75376,-120.71179,23.4,45,21.6,0.0,221,0.5848665815981586,1
56.61112,-108.8941,14.1,64,9.4,0.0,221,0.34162463731110754,1
65.1385,-121.3457,22.3,48,18.2,0.0,221,0.12250090404257999,0
57.2945,-109.6163,15.3,57,11.4,0.0,221,0.41940929391274245,0
58.40557,-121.19775,21.2,52,14.2,0.0,222,0.5715661946583056,1
63.85451,-121.99226,24.8,42,19.6,0.0,222,0.38188449589174356,1
62.49856,-122.14859,24.5,44,18.4,0.0,222,0.5532618567674108,1
64.93752,-120.71399,26.3,36,25.1,0.0,222,0.351311958478076,1
60.80622,-117.78075,22.9,49,17.1,0.0,222,0.3237158706265333,1
61.16996,-110.83533,19.7,54,12.8,0.0,222,0.3980815156583787,1
64.75203,-123.70406,25.2,49,14.1,0.0,222,0.326477092961343,1
53.54509,-126.022,18.7,59,12.0,0.0,222,0.8383834641898659,1
59.44588,-122.94458,22.4,46,14.1,0.0,222,0.543897906420372,1
65.01264,-119.4212,24.3,44,26.0,0.0,222,0.20275714503565612,1
64.83169,-120.46065,24.0,40,24.2,0.0,222,0.5672429858608865,1
60.44722,-117.83939,23.1,54,15.8,0.0,222,0.5114974071527676,1
56.2952,-122.5445,15.3,56,9.8,0.0,222,0.4204083822437794,0
66.1793,-124.3303,23.2,64,13.3,0.0,222,0.27579339692804905,0
61.4648,-119.3833,22.8,50,16.9,0.0,222,0.5901036102844015,0
66.4904,-120.3096,21.8,57,25.1,0.0,222,0.1356074244609288,0
58.0067,-119.7341,19.3,56,14.7,0.0,222,0.31610276091938555,0
61.0789,-111.4426,19.8,53,14.5,0.0,222,0.40208435494904493,0
61.924,-121.6764,24.9,42,17.6,0.0,222,0.5398922339414617,0
55.4604,-125.3414,17.8,74,12.1,1.2,222,0.5252067797817199,0
57.4822,-120.4008,17.5,61,16.0,0.0,222,0.5440111457194943,0
64.0949,-118.8692,23.5,47,21.5,0.0,222,0.43020886600519137,0
63.0203,-119.466,24.8,42,20.7,0.0,222,0.5534062846731322,0
61.009,-115.8819,20.9,63,26.7,0.0,222,0.4659721980111944,0
61.01271,-118.07603,23.7,48,17.9,0.0,223,0.5642642674829536,1
64.67819,-123.74164,24.6,48,15.7,0.2,223,0.45310876289054236,1
64.90259,-120.20451,23.1,44,26.3,0.0,223,0.5559180725555193,1
63.8348,-118.3058,23.4,49,23.9,0.0,223,0.3176698852046249,0
64.7689,-122.7951,23.8,54,18.4,0.6,223,0.5214860111765218,0
65.8262,-121.2202,17.9,67,38.3,0.0,223,0.2567512379922433,0
62.34608,-123.2135,24.4,53,18.8,0.0,224,0.4279387970752646,1
56.62497,-108.90268,19.8,57,12.3,0.0,224,0.5818827300461274,1
63.67794,-121.89693,21.4,72,18.7,0.7,224,0.4743534929361648,1
60.17477,-116.95284,23.1,55,16.2,0.0,224,0.38706327682527597,1
55.68856,-105.34315,20.4,63,8.9,0.0,224,0.47788158446697104,1
59.66581,-119.64154,23.1,53,11.6,0.0,224,0.3903868039866828,1
63.97195,-122.2183,20.4,74,17.2,0.6,224,0.39415809258040063,1
61.8539,-125.0824,17.3,54,27.2,0.4,224,0.3284619322787515,0
57.9756,-109.0962,20.3,55,14.4,0.0,224,0.3426366250542025,0
63.1935,-124.5934,20.4,71,12.8,0.4,224,0.5324567548795429,0
57.2013,-119.5168,21.2,55,14.0,0.0,224,0.56435082597634,0
56.1164,-104.5614,21.1,59,11.6,0.0,224,0.5126990706858341,0
60.8699,-118.648,24.5,53,15.1,0.0,224,0.42616709859984214,0
62.1966,-122.4897,24.2,55,18.1,0.0,224,0.3758003523989526,0
64.42843,-116.07263,21.1,66,20.0,0.0,225,0.46910600969182437,1
57.49443,-99.44379,22.5,64,11.4,0.0,225,0.326255875788696,1
65.38255,-118.60284,19.1,71,23.9,1.1,225,0.26040076185293703,1
63.05223,-110.06163,20.9,66,28.4,0.0,225,0.40120876649144965,1
62.40027,-122.16299,22.0,47,21.2,0.8,225,0.4442427959850628,1
63.9247,-114.72002,24.3,49,24.5,0.0,225,0.416740578803239,1
64.18761,-114.77592,23.4,53,19.9,0.0,225,0.3860108796625944,1
62.827,-118.4704,23.9,44,19.5,0.0,225,0.5547608165420526,0
58.9033,-101.9743,21.9,56,17.1,0.0,225,0.5307439915614705,0
65.5375,-118.0483,18.1,77,24.3,1.1,225,0.14516092285929924,0
64.7494,-107.2985,22.3,61,33.4,0.0,225,0.5701229308065401,0
64.2295,-123.6589,15.0,79,15.4,5.2,225,0.5773257206480926,0
64.8894,-112.7554,20.9,68,19.2,0.0,225,0.36841972197262174,0
62.2471,-111.9917,23.3,59,25.7,0.0,225,0.40267051047385843,0
57.23763,-112.72756,20.2,58,14.1,0.0,226,0.3482097348130485,1
57.65383,-98.1136,22.3,65,16.5,0.0,226,0.5677119501723673,1
62.69585,-122.05534,14.8,76,15.2,0.6,226,0.46679854590755865,1
54.78485,-95.17709,22.1,65,12.9,0.0,226,0.7928437965307029,1
59.0809,-110.1582,21.2,63,26.2,0.0,226,0.3168125281684489,0
58.6137,-100.2451,22.3,56,12.7,0.0,226,0.4834741613144603,0
65.173,-123.9449,13.8,84,13.3,1.0,226,0.13352438396291835,0
57.1969,-97.3503,22.5,61,12.3,0.0,226,0.5829213931727121,0
64.33038,-122.64886,18.1,54,20.5,0.0,230,0.5732626649619956,1
63.57822,-121.87623,16.6,54,23.0,0.1,230,0.5254305166275725,1
64.16496,-121.90877,17.4,53,22.4,0.3,230,0.5334786196276807,1
65.6756,-123.4058,16.7,64,23.3,0.4,230,0.11099811554445574,0
62.6901,-120.7213,19.1,48,16.0,0.0,230,0.5041075533476156,0
61.8181,-122.9044,16.5,64,16.7,0.0,230,0.3118821952547605,0
53.63329,-126.70976,17.0,59,14.2,0.0,231,0.6328503344568334,1
63.49175,-122.29589,16.8,66,20.1,0.0,231,0.5216710303766442,1
65.76408,-115.83225,15.2,75,18.4,0.0,231,0.13021578947520202,1
62.50946,-139.83194,16.6,60,12.6,0.0,231,0.4292937874941821,1
51.2032,-125.1754,13.3,73,5.7,1.7,231,0.7585582158302842,0
62.2775,-123.6194,13.8,72,11.0,0.0,231,0.5487148209987848,0
66.3532,-113.241,14.7,69,22.6,0.0,231,0.10186017408294544,0
60.166,-137.3853,14.6,72,7.0,0.0,231,0.5011392574713746,0
55.85035,-104.48352,19.6,73,20.1,2.8,232,0.5610956994002212,1
64.8423,-118.67234,19.5,53,30.9,0.0,232,0.3606404411951303,1
56.8627,-103.5596,19.0,71,20.4,1.1,232,0.31839393919751563,0
66.305,-120.7721,14.9,74,42.5,0.0,232,0.1473560957153811,0
63.24547,-118.47266,19.5,62,23.5,0.1,233,0.518245033266745,1
63.5124,-117.5293,18.8,65,20.8,0.3,233,0.39340490586467597,0
62.7386,-122.12395,10.0,62,26.7,0.0,234,0.5385717658167657,1
62.2168,-120.553,9.7,72,25.6,1.2,234,0.5034326736498795,0
55.62454,-103.71417,16.3,82,14.5,6.4,242,0.47767136150147316,1
53.6375,-103.299,17.7,76,16.0,3.9,242,0.67201247385908,0
56.32524,-107.72231,16.2,66,13.6,0.2,245,0.33066732134196725,1
57.8875,-106.2841,14.2,71,19.6,0.2,245,0.47957905946988777,0
56.26568,-107.64594,20.5,63,13.9,0.0,246,0.309881663719968,1
56.0158,-105.0418,20.4,61,13.2,0.0,246,0.4764382066200292,0
59.46915,-123.16879,13.2,62,13.1,0.0,259,0.34556501813049284,1
62.4539,-125.067,3.8,87,27.8,0.4,259,0.4228736473473277,0
