latitude,longitude,temp,humidity,wind,rain,day_of_year,soil_moisture,fire
48.7962,-83.5245,-7.8,69,15.1,0.4,92,0.285,0
43.1004,-104.6648,6.2,63,47.1,0.0,92,0.13,0
68.9085,-122.7164,-23.8,80,17.3,0.0,93,0.334,0
44.6657,-76.3151,2.2,84,38.7,25.4,94,0.313,0
67.7313,-130.7365,-14.1,75,13.8,0.0,96,0.273,0
52.0268,-84.4995,-12.2,59,17.9,0.5,97,0.58,0
64.6699,-91.4475,-27.0,77,18.8,0.0,99,0.197,0
46.5812,-122.7235,8.7,83,15.0,1.7,99,0.411,0
52.1432,-88.2511,-6.2,60,17.3,0.0,100,0.218,0
43.27222,-79.80566,2.9,73,34.7,1.2,101,0.358,1
52.92675,-124.45705,-1.6,72,22.4,4.3,102,0.344,1
63.2011,-109.5935,-20.5,77,13.8,0.0,102,0.289,0
47.4304,-113.2225,-6.8,78,18.3,3.9,103,0.32,0
54.4148,-98.1623,-11.1,63,11.9,0.0,103,0.592,0
75.8417,-98.8064,-15.9,82,44.8,1.6,104,0.326,0
60.1836,-74.2614,-16.0,83,29.6,0.0,105,0.325,0
72.5689,-94.4993,-19.0,80,25.9,0.4,105,0.189,0
52.4923,-66.6639,-12.4,69,15.8,0.0,106,0.186,0
56.3368,-92.7972,-1.5,61,15.6,0.0,106,0.605,0
48.9665,-118.9311,2.9,73,16.6,2.0,107,0.402,0
67.7886,-117.852,-16.5,81,15.8,0.0,108,0.338,0
60.2311,-112.1631,-0.0,64,19.8,0.0,109,0.457,0
51.23381,-98.89384,2.5,71,16.9,0.0,110,0.331,1
79.2084,-52.4141,-21.5,71,33.7,0.1,110,0.312,0
80.1922,-70.9876,-14.2,75,6.8,0.1,111,0.023,0
67.7831,-107.0486,-19.8,76,26.3,0.8,111,0.244,0
61.994,-133.2662,-4.7,66,15.2,0.0,112,0.283,0
44.7215,-83.3208,4.3,59,13.9,0.0,113,0.314,0
53.53092,-113.3832,9.9,48,16.1,0.0,116,0.455,1
69.015,-125.4888,-14.7,77,14.8,0.0,119,0.38,0
51.3673,-70.1141,2.9,66,9.5,0.0,120,0.304,0
70.4007,-95.5507,-18.0,85,20.2,0.0,121,0.174,0
47.2458,-94.7565,13.1,54,15.1,1.2,125,0.313,0
67.3088,-106.6232,-13.9,79,38.6,0.0,127,0.197,0
76.2308,-90.1324,-17.0,83,8.9,0.0,128,0.749,0
53.2468,-62.5907,-4.8,62,32.4,0.0,129,0.256,0
53.6573,-106.63201,5.1,46,13.3,0.0,130,0.244,1
82.6803,-71.8095,-17.0,77,5.8,1.3,130,0.395,0
42.1593,-84.4582,17.6,77,24.6,7.9,130,0.362,0
58.8471,-77.0075,-8.7,84,35.1,0.4,133,0.323,0
53.69622,-106.55103,16.7,43,19.8,0.1,135,0.198,1
50.7018,-56.6185,-2.1,80,29.0,11.7,137,0.401,0
42.2183,-75.5672,16.6,83,10.6,0.0,137,0.391,0
63.9104,-85.4796,-7.0,79,26.5,0.0,138,0.326,0
62.6758,-100.7853,-6.1,77,32.9,0.0,140,0.158,0
52.08871,-95.21213,17.6,42,11.6,0.0,142,0.232,1
52.58297,-104.39867,18.0,64,12.8,2.7,142,0.234,1
51.06924,-98.21571,18.9,47,15.5,0.0,142,0.269,1
53.02067,-104.87959,19.7,51,12.2,0.4,143,0.276,1
52.00014,-95.32143,19.5,50,14.7,0.0,143,0.514,1
57.37849,-108.9518,21.1,42,12.1,0.0,143,0.128,1
62.4208,-109.3281,16.0,56,23.4,0.0,143,0.299,0
60.1132,-110.3427,14.2,67,23.2,6.0,145,0.13,0
65.597,-129.2563,9.4,72,13.6,0.0,145,0.362,0
72.5594,-75.7327,-5.6,76,10.8,0.2,146,0.192,0
60.6865,-133.1023,1.2,69,16.6,2.0,147,0.209,0
58.54927,-113.65417,17.9,40,27.7,0.7,148,0.069,1
57.17875,-121.83902,12.2,48,27.8,0.1,148,0.211,1
46.0656,-97.5327,21.2,72,13.1,0.0,151,0.263,0
80.0601,-59.8888,-7.9,86,14.2,0.0,152,0.345,0
44.2309,-122.6044,13.5,54,10.9,0.0,153,0.235,0
43.9286,-72.4485,16.1,45,18.3,0.0,154,0.079,0
46.256,-102.0297,22.8,55,17.3,0.7,156,0.244,0
60.8933,-106.9209,3.1,87,13.7,2.3,157,0.259,0
55.821,-93.7557,11.5,64,16.3,0.0,158,0.325,0
72.7898,-94.955,-2.1,92,12.2,0.0,159,0.207,0
61.9973,-113.7902,12.6,83,27.6,6.6,161,0.15,0
50.9543,-117.5108,-3.1,85,8.4,1.1,163,0.285,0
52.4005,-65.1964,2.1,87,23.5,1.8,164,0.3,0
49.2186,-106.9853,16.7,34,24.9,0.0,164,0.21,0
45.6865,-113.117,9.1,43,22.3,0.0,164,0.414,0
66.9085,-85.4523,1.3,87,18.3,0.0,166,0.209,0
51.2938,-104.0686,14.5,75,19.3,3.3,166,0.365,0
81.0132,-82.8484,-4.1,87,3.9,0.0,166,0.321,0
42.1411,-97.3195,24.8,83,20.4,14.0,169,0.297,0
52.7529,-122.142,21.0,54,10.9,0.0,169,0.403,0
54.0522,-63.6131,3.2,91,22.8,1.9,171,0.341,0
56.14324,-103.2917,23.4,55,14.6,0.0,172,0.178,1
56.5219,-130.396,9.5,86,12.9,2.2,173,0.065,0
48.7794,-114.0036,14.9,90,14.1,15.6,173,0.413,0
43.8176,-112.9293,15.3,55,13.2,0.0,175,0.118,0
66.4774,-99.2495,13.7,66,27.3,4.3,175,0.156,0
56.4418,-109.68749,22.2,64,22.0,0.0,176,0.528,1
52.513,-119.673,8.2,75,11.2,14.1,176,0.24,0
57.8229,-132.7333,1.4,100,6.3,3.3,178,0.402,0
58.3401,-98.2249,9.0,90,22.1,28.0,178,0.236,0
54.0121,-91.30499,19.3,61,11.8,0.0,180,0.32,1
49.26615,-69.68295,15.2,74,16.5,11.7,181,0.169,1
50.723,-110.7092,15.8,69,14.8,0.0,181,0.244,0
53.26779,-72.84822,12.5,55,13.5,0.0,182,0.209,1
53.26523,-72.78948,13.0,55,13.1,0.0,182,0.218,1
66.859,-124.0834,9.6,75,15.0,0.5,182,0.318,0
51.0659,-83.2525,17.8,68,14.5,9.8,182,0.645,0
57.2949,-110.9353,14.0,94,14.1,11.3,183,0.685,0
76.2722,-119.3251,1.8,88,21.8,0.0,184,0.393,0
80.0546,-75.027,-0.1,72,6.1,0.0,186,0.332,0
63.916,-139.5897,18.0,52,17.6,0.0,189,0.255,0
51.2545,-67.6781,14.5,87,13.8,5.1,189,0.258,0
47.46,-80.34052,20.5,67,20.6,4.4,190,0.164,1
69.6093,-76.836,6.7,84,25.3,0.0,190,0.171,0
59.59499,-119.21866,20.4,41,18.0,0.0,191,0.584,1
57.45068,-99.96704,19.4,70,16.6,6.1,192,0.112,1
75.9611,-112.1917,0.8,83,23.1,0.0,192,0.219,0
44.541,-106.9833,17.6,64,14.6,1.3,192,0.34,0
50.65259,-98.84407,24.6,51,18.4,0.0,194,0.24,1
43.26139,-79.80743,25.8,61,17.6,2.9,195,0.147,1
67.8176,-84.5688,6.1,77,24.2,0.0,195,0.213,0
71.919,-52.8258,5.3,97,3.3,27.3,197,0.335,0
49.82431,-119.69328,23.2,33,20.6,0.1,199,0.125,1
52.82079,-88.88431,19.3,63,20.5,0.5,199,0.353,1
64.1049,-68.5698,7.8,66,19.7,1.2,200,0.298,0
67.5858,-86.0103,6.8,73,22.1,0.0,201,0.141,0
49.6114,-84.2325,21.7,58,14.9,0.0,201,0.1,0
55.8544,-61.3417,16.2,62,13.5,0.0,204,0.195,0
64.0605,-137.1679,17.9,54,8.9,0.0,204,0.136,0
50.9871,-80.217,17.1,87,14.5,3.3,207,0.606,0
42.1623,-120.591,23.2,29,17.6,0.0,207,0.13,0
81.3275,-56.453,-0.7,66,13.8,0.0,208,0.319,0
71.8534,-113.2498,4.6,77,37.6,2.7,208,0.311,0
60.07401,-120.58884,22.8,53,16.0,0.4,209,0.515,1
63.7097,-90.9561,18.8,57,30.2,1.1,209,0.066,0
60.58728,-129.87563,20.7,58,12.2,0.0,210,0.091,1
46.5763,-80.7938,20.2,71,12.0,0.3,211,0.153,1
46.5908,-66.7509,19.7,69,15.7,0.1,211,0.361,0
43.0041,-73.3401,18.7,74,7.4,0.0,211,0.362,0
55.71906,-88.59808,10.4,62,21.9,0.1,212,0.405,1
56.30561,-91.3209,10.3,67,15.9,0.0,212,0.611,1
57.91588,-116.71177,16.5,67,12.3,0.0,212,0.234,1
54.84667,-124.65001,21.3,61,13.1,0.0,212,0.34,1
50.51672,-104.63022,20.1,57,21.5,0.1,212,0.176,1
45.3704,-96.4957,22.6,69,17.8,0.0,212,0.271,0
61.3258,-134.71335,20.7,42,16.3,0.0,214,0.069,1
54.5645,-75.6556,11.0,69,16.4,0.0,214,0.229,0
52.91846,-126.35025,12.1,76,16.9,0.0,215,0.103,1
77.6498,-57.8544,-6.8,91,35.9,3.8,215,0.369,0
59.39206,-128.42436,14.1,53,13.8,0.0,216,0.204,1
60.44902,-131.60756,14.9,61,18.9,0.0,216,0.069,1
57.94375,-131.19382,19.1,50,10.0,0.0,217,0.049,1
60.1829,-111.2112,12.3,74,14.1,5.2,217,0.144,0
54.1975,-86.4277,15.5,88,24.5,43.0,217,0.705,0
57.99614,-130.95398,19.2,41,17.5,0.0,218,0.067,1
62.8304,-124.0632,16.9,70,7.7,0.1,218,0.335,0
56.7197,-73.663,11.6,86,43.6,8.0,218,0.339,0
52.4149,-121.09386,18.7,54,9.1,0.0,219,0.286,1
51.76196,-125.59893,22.7,57,7.8,0.0,219,0.111,1
53.96217,-125.15881,18.5,44,17.7,0.0,219,0.262,1
50.94644,-117.83485,22.1,46,9.2,0.0,219,0.218,1
73.1794,-76.8914,5.1,75,7.4,0.0,219,0.401,0
75.9546,-117.8916,0.9,93,22.3,2.0,220,0.333,0
54.29501,-124.81526,20.2,53,19.1,0.0,221,0.24,1
54.29204,-124.8044,20.0,53,19.1,0.0,221,0.24,1
53.9673,-126.88226,18.7,59,20.0,0.0,221,0.187,1
53.97287,-126.87948,18.7,59,20.0,0.0,221,0.187,1
49.8623,-126.3711,21.0,57,10.5,0.0,221,0.186,0
70.7304,-117.208,4.7,78,22.8,0.0,221,0.099,0
60.4913,-126.4562,12.4,67,18.2,0.2,221,0.187,0
53.99397,-126.84053,16.9,64,17.4,0.0,222,0.193,1
59.38509,-127.64474,14.7,66,17.1,1.6,222,0.211,1
63.4085,-99.5177,10.6,83,31.7,0.6,222,0.183,0
59.4232,-95.5413,17.5,77,29.7,0.0,222,0.433,0
54.684,-106.9809,25.2,66,19.6,0.0,222,0.271,0
42.8766,-92.6613,23.0,77,12.0,0.3,222,0.347,0
54.16195,-125.11623,15.8,44,15.1,0.0,223,0.185,1
55.13006,-126.60466,14.8,53,13.2,0.0,223,0.16,1
52.89576,-126.41805,16.0,51,13.7,1.6,223,0.08,1
57.40852,-121.04419,14.1,52,16.6,0.3,223,0.257,1
54.16593,-124.94878,15.9,41,14.1,0.0,223,0.209,1
49.79059,-121.11274,14.4,67,19.0,2.9,223,0.155,1
55.12729,-126.602,17.0,51,11.5,0.0,224,0.162,1
49.17194,-116.84126,12.0,56,21.4,0.5,224,0.198,1
50.03994,-115.16615,12.9,78,16.3,3.4,224,0.15,1
51.76165,-125.42706,12.9,72,4.9,7.1,224,0.299,1
54.21994,-124.85809,16.2,52,12.4,0.0,224,0.209,1
49.48653,-114.86223,12.6,63,24.8,3.6,224,0.211,1
54.17408,-124.96452,15.6,52,12.4,0.0,224,0.209,1
49.16556,-116.82633,11.2,56,21.5,0.0,224,0.2,1
60.6493,-110.3478,11.8,58,19.4,0.0,224,0.189,0
80.4404,-53.876,-0.4,89,30.4,0.1,224,0.325,0
49.15823,-116.87634,13.4,58,10.5,0.0,225,0.172,1
53.35841,-124.35846,16.7,55,13.8,0.0,225,0.222,1
53.95813,-126.98405,16.9,60,14.7,0.0,225,0.187,1
53.19174,-126.25533,17.3,61,17.7,0.0,225,0.202,1
55.56542,-127.16475,17.0,64,15.1,0.0,225,0.236,1
53.14655,-126.23428,17.1,60,13.6,0.0,225,0.194,1
77.6061,-83.5768,2.7,79,14.9,0.0,225,0.184,0
54.00996,-126.65215,19.6,51,18.9,0.0,226,0.18,1
53.20141,-126.47861,18.6,57,13.0,0.0,226,0.099,1
53.07182,-126.36376,17.2,58,16.4,0.0,226,0.097,1
54.31059,-124.6937,18.3,46,20.6,0.0,226,0.223,1
45.9731,-76.5035,23.0,79,8.2,0.0,226,0.306,0
58.00138,-130.76102,11.9,55,14.9,0.0,227,0.071,1
53.90931,-126.50044,15.4,61,18.0,0.0,227,0.175,1
57.00855,-111.47654,20.1,65,14.9,0.0,227,0.492,1
57.42389,-126.16106,10.9,60,16.2,0.0,227,0.293,1
53.00104,-125.85675,16.7,59,20.0,0.0,227,0.21,1
54.16586,-125.04517,15.2,43,14.8,0.0,228,0.19,1
59.37668,-128.44589,8.5,60,14.0,0.0,228,0.218,1
59.28875,-96.16142,12.6,61,46.0,0.0,228,0.085,1
59.76838,-128.20546,13.7,47,15.7,0.0,228,0.082,1
53.24928,-126.28954,15.2,55,13.7,0.0,229,0.205,1
52.71531,-126.29741,14.1,57,11.5,0.0,229,0.112,1
53.15055,-123.75979,17.7,39,13.7,0.0,229,0.233,1
48.9863,-109.4033,24.9,43,16.2,0.0,229,0.154,0
73.0358,-55.8008,4.3,95,11.0,0.6,229,0.225,0
80.4634,-57.4092,-1.1,79,22.2,0.0,229,0.348,0
53.53212,-125.45168,15.2,56,15.3,0.0,230,0.217,1
56.69831,-107.87675,17.7,56,28.8,0.8,230,0.157,1
53.14225,-123.4455,14.5,53,11.3,0.0,230,0.236,1
53.88917,-125.22776,13.8,54,18.0,0.0,230,0.193,1
53.25116,-126.27206,15.2,60,14.2,0.0,230,0.202,1
59.7169,-110.70876,15.7,54,23.7,3.3,230,0.147,1
54.33803,-124.81017,15.1,52,16.1,0.0,230,0.207,1
53.28136,-125.90776,15.1,58,14.8,0.0,230,0.204,1
68.7424,-139.5417,3.7,88,18.8,0.8,230,0.221,0
49.22099,-120.33488,15.8,35,13.3,0.0,231,0.205,1
53.08018,-126.23624,16.3,49,10.8,0.0,231,0.201,1
53.87963,-126.42545,16.3,48,8.8,0.0,231,0.175,1
53.81719,-125.72365,16.0,54,9.5,0.0,231,0.18,1
58.9263,-120.60327,16.3,39,19.7,0.0,231,0.36,1
59.45707,-128.17271,12.7,45,18.4,0.0,231,0.202,1
59.09854,-113.871,13.8,57,15.1,0.6,231,0.216,1
53.84794,-126.53056,17.0,48,8.8,0.0,231,0.175,1
47.6764,-114.1534,21.6,47,13.8,0.0,231,0.143,0
51.97594,-125.54659,13.6,45,11.5,0.0,232,0.134,1
49.12844,-121.1041,13.7,48,10.7,0.0,232,0.213,1
53.84713,-126.8271,16.7,46,10.2,0.0,232,0.19,1
51.88754,-125.76091,20.3,46,7.7,0.0,232,0.116,1
54.19592,-124.48663,17.1,40,13.8,0.0,232,0.174,1
53.00525,-126.35974,15.8,39,13.0,0.0,232,0.093,1
58.11533,-130.61128,19.8,50,17.7,0.0,233,0.077,1
52.0252,-95.08175,16.6,70,15.0,0.3,233,0.155,1
57.96552,-131.12271,18.2,57,14.4,0.0,233,0.087,1
59.78536,-128.5654,19.7,48,19.7,0.0,233,0.075,1
59.38837,-128.45399,15.2,57,16.2,0.8,233,0.207,1
52.95557,-125.79468,17.9,45,17.8,0.0,233,0.213,1
49.71544,-118.14916,22.1,59,7.1,0.0,233,0.238,1
59.38721,-128.0307,19.6,51,16.3,0.7,233,0.195,1
54.29943,-125.05847,19.0,39,12.3,0.0,233,0.199,1
58.05817,-130.89708,18.7,56,18.9,0.0,233,0.077,1
57.89581,-131.00528,15.8,52,13.4,0.0,233,0.092,1
67.9868,-124.9129,4.2,82,18.2,0.3,233,0.347,0
54.4483,-121.041,13.8,51,12.0,0.0,233,0.129,0
53.12844,-123.87992,20.0,34,15.2,0.0,234,0.215,1
59.74937,-128.0423,18.5,37,17.3,0.0,234,0.169,1
59.45017,-128.52847,14.4,48,15.2,0.0,234,0.229,1
59.82875,-128.35548,19.3,34,19.8,0.0,234,0.063,1
52.6382,-126.26188,16.5,50,16.3,0.0,234,0.206,1
57.71942,-130.98477,14.9,67,13.0,3.1,234,0.117,1
53.86688,-125.95888,19.4,46,19.4,0.0,234,0.174,1
53.89536,-127.11848,17.0,50,14.0,0.0,234,0.193,1
53.32357,-126.07319,17.8,42,15.9,0.0,234,0.196,1
53.83534,-125.63218,19.2,44,18.7,0.0,234,0.177,1
51.05904,-117.24994,17.5,49,9.0,0.0,234,0.474,1
53.35563,-124.19386,19.3,37,16.2,0.0,234,0.194,1
53.77538,-125.2594,18.4,47,17.8,0.0,234,0.197,1
59.55538,-128.24449,16.9,40,16.3,0.0,234,0.189,1
48.49844,-91.39412,20.8,53,17.4,0.0,235,0.14,1
54.87193,-124.47236,15.1,53,15.0,0.5,235,0.193,1
54.3071,-103.5982,14.2,58,23.2,0.0,235,0.594,0
49.15091,-119.8422,9.0,63,12.3,0.0,236,0.162,1
53.19202,-126.58178,11.6,64,13.7,0.0,236,0.272,1
49.23529,-119.88387,11.8,56,10.0,0.0,236,0.155,1
50.70131,-89.6314,18.8,79,13.5,0.0,237,0.188,1
49.621,-103.7213,13.6,62,17.1,3.2,238,0.178,0
55.0053,-107.7712,9.3,87,15.1,9.2,238,0.258,0
53.81359,-125.52134,13.1,60,17.3,0.2,239,0.22,1
42.1366,-82.6034,26.8,70,25.5,2.4,241,0.376,0
61.4875,-109.7538,11.3,78,13.4,1.1,241,0.174,0
70.9029,-112.6377,2.5,85,12.2,0.0,241,0.142,0
71.3807,-78.3306,1.1,80,13.7,0.0,241,0.171,0
71.9535,-116.4363,2.0,86,30.8,0.0,242,0.348,0
42.1334,-114.0384,19.9,27,18.7,0.0,242,0.033,0
53.4168,-126.23617,6.6,79,27.7,0.4,243,0.231,1
64.1645,-108.3269,8.3,79,19.9,1.0,243,0.227,0
54.9383,-67.2402,6.8,72,26.1,0.0,243,0.248,0
48.031,-120.6921,10.9,61,12.3,0.0,245,0.166,0
79.1889,-85.4329,-0.4,77,8.0,0.2,246,0.097,0
44.08,-107.9728,21.3,29,15.2,0.0,246,0.063,0
49.27924,-120.25829,13.0,39,9.0,0.1,249,0.216,1
49.17661,-120.42141,11.9,39,11.8,0.0,249,0.224,1
56.1663,-117.4693,12.3,77,8.0,0.0,250,0.277,0
42.2549,-91.8472,16.2,74,15.2,0.0,252,0.359,0
52.6215,-113.8141,9.3,82,13.4,2.6,253,0.317,0
66.8843,-83.6253,-1.1,82,24.6,0.0,253,0.193,0
49.4687,-77.3944,11.2,65,18.1,0.0,253,0.236,0
52.8753,-107.4898,8.6,86,21.6,2.8,255,0.271,0
63.6082,-91.9955,1.2,70,26.6,0.4,256,0.18,0
50.8942,-67.888,16.5,77,13.1,0.4,256,0.244,0
62.7244,-131.716,2.7,53,7.9,0.0,257,0.232,0
69.6202,-95.7043,-0.3,82,15.6,1.0,257,0.211,0
58.3713,-131.6968,-0.5,52,18.9,0.0,258,0.151,0
54.8166,-97.4611,7.4,55,13.3,0.0,258,0.691,0
43.8431,-86.4593,19.4,86,13.6,0.0,258,0.184,0
47.9205,-81.7621,21.0,79,23.5,3.2,260,0.223,0
44.4549,-112.8944,7.7,49,14.1,0.0,262,0.179,0
71.0173,-79.4803,-0.6,79,25.3,2.2,263,0.161,0
58.46398,-115.57288,0.7,47,11.5,0.0,265,0.278,1
59.571,-98.0286,1.1,66,31.3,0.0,266,0.211,0
49.0965,-77.5158,3.5,71,16.3,6.3,266,0.297,0
67.0421,-111.3441,-5.5,91,17.3,0.1,268,0.217,0
79.8354,-54.6498,-24.8,71,31.6,0.0,268,0.327,0
54.6164,-125.4419,9.5,73,15.6,0.0,268,0.298,0
49.5316,-74.5473,11.9,91,28.7,9.6,269,0.292,0
55.4684,-103.8056,-1.9,59,19.6,0.0,273,0.239,0
50.6006,-106.0565,-0.4,62,21.9,0.0,273,0.169,0
52.4059,-123.3712,0.6,68,13.4,1.2,273,0.333,0
51.53128,-120.76533,0.9,74,8.5,0.0,277,0.359,1
51.71549,-119.52708,2.1,77,4.8,0.0,292,0.34,1
49.40387,-103.11245,5.8,75,17.9,0.0,299,0.295,1
57.27163,-121.95121,-1.2,77,15.1,0.7,313,0.259,1
49.9513,-125.22112,2.6,92,15.7,0.2,328,0.289,1
53.3961,-116.70067,-24.1,62,8.0,0.0,62,0.624,1
43.26736,-79.80722,-0.1,58,19.5,0.5,77,0.384,1
42.51712,-82.47489,1.4,54,23.1,0.0,84,0.478,1
65.4175,-111.5976,-18.5,72,46.9,0.0,92,0.211,0
59.0881,-130.2062,-13.8,76,14.5,4.6,94,0.18,0
63.578,-121.7423,-12.8,55,11.4,0.0,95,0.657,0
53.387,-59.6341,-8.7,66,20.0,0.0,96,0.251,0
76.0041,-106.1659,-26.1,83,15.9,0.0,96,0.304,0
68.1667,-116.6605,-19.6,80,20.4,0.0,97,0.329,0
57.0198,-68.8474,-18.1,66,19.1,0.2,97,0.185,0
42.2784,-74.798,8.0,72,12.5,0.0,97,0.384,0
52.65072,-110.70827,5.6,58,20.4,0.0,98,0.359,1
54.8881,-124.2148,0.5,69,13.7,0.0,98,0.41,0
55.9833,-107.4737,1.0,74,16.1,1.5,100,0.256,0
56.5794,-65.9637,-10.7,76,20.8,0.0,101,0.587,0
58.6157,-114.5638,6.0,64,14.9,0.0,101,0.57,0
80.5776,-52.8542,-21.2,67,32.7,0.0,101,0.277,0
43.8425,-79.463,3.2,79,33.2,15.8,105,0.503,0
72.775,-83.4418,-25.4,68,8.8,0.0,107,0.218,0
76.5052,-114.8116,-20.3,76,19.1,0.3,109,0.259,0
57.7162,-127.5582,-4.1,75,12.3,2.4,109,0.236,0
49.0247,-98.489,8.5,65,31.8,0.0,109,0.346,0
59.565,-70.8105,-6.7,81,36.3,0.0,110,0.301,0
49.31461,-101.3918,10.0,61,15.8,0.0,111,0.376,1
67.8123,-138.5787,2.7,59,16.7,0.0,112,0.247,0
51.8428,-57.1405,3.6,77,25.5,1.6,112,0.314,0
46.1634,-116.7905,6.9,55,10.8,0.0,112,0.384,0
61.4142,-105.9871,3.4,76,13.7,0.0,113,0.423,0
76.0688,-101.3183,-20.8,76,24.5,0.0,113,0.349,0
52.00241,-108.1312,8.6,42,27.5,0.0,114,0.358,1
51.38784,-99.28253,12.3,45,26.5,0.0,114,0.314,1
51.96329,-108.15508,4.8,36,33.0,0.0,115,0.352,1
66.3662,-85.076,-15.6,74,31.3,0.3,115,0.187,0
43.5636,-117.3927,14.9,35,14.5,0.0,115,0.045,0
70.2803,-68.0479,-9.7,83,17.4,0.0,119,0.145,0
68.0689,-97.1661,-6.9,80,18.2,0.0,122,0.266,0
52.5513,-82.0228,-2.9,76,16.3,0.0,124,0.669,0
45.77028,-66.32251,11.4,67,12.3,0.0,126,0.339,1
56.3258,-93.3051,-3.1,53,16.5,0.0,126,0.611,0
69.2821,-101.8965,-10.6,79,16.3,0.0,128,0.304,0
53.8328,-113.2595,8.8,77,15.0,0.0,129,0.445,0
48.5313,-111.1835,7.6,50,17.8,0.0,129,0.082,0
73.2754,-79.5839,-7.0,86,10.0,0.1,130,0.397,0
78.9378,-87.7156,-1.9,87,10.4,0.0,130,0.282,0
63.8511,-117.7243,1.9,67,18.0,0.0,131,0.703,0
59.18808,-117.30399,12.6,52,19.2,0.6,132,0.433,1
49.83903,-100.4883,14.5,49,14.1,0.0,133,0.16,1
55.2462,-114.51638,7.7,58,15.7,0.0,134,0.226,1
49.04226,-119.66509,12.3,47,12.8,1.3,134,0.099,1
51.38322,-99.17155,10.8,53,24.2,0.0,134,0.183,1
44.5266,-98.4411,17.1,72,14.8,0.3,134,0.363,0
42.81043,-80.09126,11.8,65,22.7,0.1,135,0.481,1
76.5716,-88.5601,-5.1,90,22.3,0.0,135,0.216,0
54.6788,-82.2933,-0.0,81,33.4,0.0,135,0.499,0
50.9361,-109.10475,9.0,59,23.7,0.0,136,0.233,1
82.0139,-63.8112,-11.6,81,27.1,1.6,138,0.37,0
58.41199,-117.57102,15.1,35,20.4,0.0,139,0.191,1
58.36565,-117.36983,15.3,35,18.9,0.0,139,0.2,1
58.428,-117.4912,15.1,35,20.4,0.0,139,0.191,1
54.5263,-89.8074,4.1,77,12.9,0.0,139,0.359,0
58.29583,-117.42632,15.6,32,16.9,0.0,140,0.182,1
58.51503,-117.73384,15.2,30,17.6,0.0,140,0.273,1
58.55049,-117.77818,15.2,30,18.0,0.0,140,0.278,1
58.3193,-117.4809,15.6,32,16.8,0.0,140,0.182,1
42.81722,-80.09509,15.1,78,29.1,3.9,140,0.483,1
51.23396,-101.93668,12.8,43,19.1,0.0,141,0.202,1
50.52013,-104.64122,12.6,41,23.4,0.0,141,0.186,1
55.75092,-114.38749,12.6,41,19.5,0.0,141,0.517,1
75.472,-99.4516,-7.1,85,20.1,0.6,141,0.262,0
46.7898,-93.717,11.4,61,24.2,0.0,141,0.376,0
80.0749,-89.7452,-5.3,91,8.4,0.0,142,0.128,0
55.98895,-114.57065,15.2,55,11.2,1.5,143,0.52,1
55.98634,-114.57875,15.2,55,11.2,1.5,143,0.52,1
47.9415,-87.8143,2.8,95,39.0,3.6,143,0.0,0
48.4481,-96.7571,10.7,84,26.1,9.8,144,0.422,0
79.9501,-75.2687,-7.5,56,9.5,0.0,145,0.355,0
51.1756,-106.2082,12.1,64,26.3,1.3,145,0.159,0
67.2684,-135.5999,8.5,79,10.2,2.8,145,0.252,0
59.24668,-112.1419,11.5,40,23.2,0.0,146,0.446,1
63.61737,-137.92883,18.8,37,12.8,0.0,147,0.111,1
56.01797,-114.58591,16.5,42,12.4,0.0,147,0.464,1
55.89706,-114.38522,19.0,42,14.4,0.0,148,0.486,1
50.77497,-101.12693,13.8,41,23.0,0.0,148,0.203,1
59.7551,-100.5793,1.0,72,19.5,0.0,148,0.227,0
55.90879,-114.25282,21.1,42,15.3,0.0,149,0.512,1
59.21889,-112.33176,17.0,40,14.5,0.0,149,0.426,1
55.7956,-114.37312,21.3,39,16.3,0.0,149,0.547,1
58.19102,-117.49158,23.1,31,21.5,0.0,149,0.173,1
58.45584,-117.70944,22.3,31,23.3,0.0,149,0.284,1
59.63812,-117.1124,19.3,43,16.6,0.0,149,0.368,1
57.95055,-117.2562,14.8,45,22.9,0.0,150,0.173,1
58.09481,-117.41283,14.8,45,22.2,0.0,150,0.16,1
58.58315,-117.46915,13.2,47,24.0,0.0,150,0.287,1
59.19215,-112.41961,10.2,53,19.8,0.0,150,0.41,1
55.76939,-114.18397,18.2,42,16.0,0.0,150,0.439,1
55.77562,-114.16061,18.4,49,16.9,0.9,152,0.435,1
55.76155,-114.06089,18.3,50,15.7,0.7,152,0.464,1
57.91739,-117.26525,16.5,61,19.9,4.2,152,0.178,1
58.26516,-117.2214,15.3,64,19.8,1.9,152,0.2,1
56.26485,-114.52648,16.4,55,17.5,0.2,153,0.232,1
53.7143,-62.8618,3.2,85,35.4,3.8,154,0.348,0
74.0806,-55.8534,-1.1,95,27.5,7.2,155,0.327,0
73.835,-123.7818,-0.0,77,16.4,0.0,156,0.202,0
52.2618,-127.0779,0.6,91,7.2,8.6,157,0.28,0
65.7742,-64.8581,2.2,79,18.9,1.1,158,0.188,0
78.0322,-95.2656,1.1,89,7.3,0.0,160,0.313,0
50.1253,-113.0224,11.4,57,18.9,0.1,160,0.195,0
58.17053,-117.22271,19.1,59,12.3,0.8,164,0.184,1
64.6725,-100.2776,1.7,89,23.7,1.3,164,0.186,0
70.0757,-77.0137,7.7,73,22.4,0.7,164,0.258,0
55.52641,-110.87292,15.4,77,9.6,0.6,167,0.621,1
59.7567,-116.93052,22.4,43,16.0,0.0,168,0.384,1
59.79099,-116.83582,22.0,45,20.0,0.3,168,0.443,1
50.8141,-92.1114,14.9,64,12.5,0.0,168,0.221,0
63.1664,-126.6866,11.2,71,7.6,1.8,168,0.233,0
56.3147,-94.3436,15.4,48,9.5,0.0,169,0.512,0
58.30202,-116.80527,14.9,58,17.8,0.2,170,0.207,1
52.49343,-94.3892,18.1,38,12.3,0.0,170,0.06,1
52.48124,-94.43682,21.5,35,12.9,0.0,172,0.111,1
59.3672,-95.8227,15.8,64,33.1,0.0,172,0.445,0
79.0194,-56.1735,-10.6,78,23.0,0.0,174,0.296,0
63.51695,-137.82941,18.4,56,14.7,0.3,176,0.159,1
44.1051,-74.1107,17.1,79,14.5,3.1,177,0.254,0
57.6611,-62.3796,4.7,91,16.2,0.0,177,0.283,0
48.1083,-57.8267,12.1,67,12.8,0.0,178,0.353,0
52.689,-105.1425,18.4,73,20.6,9.7,179,0.436,0
61.2598,-118.4209,16.9,57,10.8,0.1,180,0.181,0
63.53262,-137.70773,22.5,41,16.9,0.5,181,0.153,1
61.6307,-121.5239,15.3,80,14.9,7.9,181,0.294,0
79.4517,-64.5424,6.4,65,24.4,0.0,181,0.286,0
52.80503,-93.14024,20.6,50,20.2,0.0,182,0.557,1
52.82452,-93.02834,20.7,50,20.6,0.0,182,0.557,1
52.79273,-93.00129,20.8,49,19.9,0.0,182,0.557,1
51.76252,-95.05195,19.7,58,21.8,1.1,183,0.22,1
63.90525,-134.75313,15.7,49,12.7,0.0,184,0.073,1
59.4255,-95.0537,6.6,88,23.4,11.2,184,0.649,0
80.9173,-75.4995,4.7,63,14.3,0.0,184,0.352,0
51.70277,-94.22152,18.8,58,19.8,0.0,185,0.076,1
52.85827,-92.47781,15.7,56,20.0,0.0,186,0.552,1
63.83733,-138.60999,18.6,56,15.5,0.0,186,0.192,1
52.89769,-92.91422,15.5,58,21.7,0.0,186,0.542,1
51.59254,-94.1382,18.3,47,15.7,0.0,186,0.291,1
51.62842,-94.19003,18.3,46,16.0,0.0,186,0.067,1
63.6353,-111.3098,13.5,75,21.9,2.9,186,0.335,0
51.33921,-93.45941,16.2,52,14.3,0.0,187,0.338,1
51.5743,-94.28922,17.2,47,14.3,0.0,187,0.073,1
51.57766,-94.37682,17.0,49,14.1,0.0,187,0.09,1
63.58946,-138.12184,17.7,38,17.4,0.0,188,0.143,1
62.56235,-130.79463,16.8,44,18.6,0.0,188,0.061,1
63.33129,-137.8266,19.2,40,14.3,0.0,188,0.16,1
52.86927,-94.46022,18.6,56,14.6,0.0,188,0.233,1
63.6183,-137.75192,21.3,38,13.3,0.0,188,0.156,1
51.58641,-94.9543,21.3,67,17.3,1.4,189,0.257,1
62.24722,-140.709,19.8,47,9.2,0.0,189,0.15,1
63.44595,-137.24065,19.7,37,13.5,0.0,189,0.134,1
62.50858,-139.63379,20.5,36,9.4,0.0,190,0.169,1
63.23391,-138.82132,21.8,37,9.0,0.0,190,0.156,1
63.30309,-137.70146,19.9,32,10.1,0.0,191,0.167,1
78.2362,-68.4894,-1.5,92,30.6,0.0,191,0.238,0
58.3045,-97.5178,12.8,62,16.9,0.0,191,0.184,0
62.59034,-138.71463,17.9,53,14.1,2.3,192,0.212,1
51.75712,-113.6627,17.0,74,10.8,0.0,193,0.304,1
58.2124,-128.2057,11.2,73,14.4,6.2,193,0.231,0
52.54703,-94.27853,18.9,57,13.7,0.0,194,0.19,1
68.3648,-108.4268,5.7,88,24.1,2.8,194,0.356,0
44.16937,-76.80278,22.5,70,14.3,0.0,195,0.341,1
43.6806,-93.5993,25.7,79,17.0,0.2,195,0.264,0
42.8016,-114.7294,28.4,27,17.4,0.0,195,0.142,0
76.4549,-88.9343,5.7,80,30.9,0.8,196,0.254,0
64.18671,-125.86682,17.4,76,9.0,1.6,198,0.155,1
54.7584,-76.1301,11.6,78,44.1,11.1,198,0.286,0
61.5469,-65.3062,4.6,96,48.2,19.9,198,0.254,0
58.22039,-109.63454,20.2,56,12.1,0.0,199,0.16,1
48.7784,-93.2347,21.2,87,23.9,11.9,199,0.301,0
59.88882,-113.57328,18.5,56,16.7,0.0,200,0.232,1
51.2826,-97.8213,19.8,77,26.1,5.2,200,0.335,0
58.27738,-116.81477,20.4,62,10.3,0.0,201,0.244,1
58.32774,-116.83965,20.3,60,9.7,0.0,201,0.241,1
70.6305,-81.6443,10.4,70,21.7,2.0,201,0.115,0
58.56919,-110.31495,21.0,51,13.0,0.0,202,0.103,1
59.42034,-105.37543,18.6,57,13.4,0.0,202,0.188,1
58.16669,-116.71197,22.2,61,13.3,0.0,202,0.197,1
58.32804,-116.79086,23.0,61,15.1,0.0,203,0.224,1
63.93948,-135.68207,19.5,48,9.6,0.0,203,0.09,1
54.6813,-123.5884,16.7,64,13.4,1.0,203,0.339,0
60.9328,-111.89428,22.8,63,9.6,0.0,204,0.264,1
58.27596,-99.98183,22.6,55,14.2,1.1,204,0.059,1
64.07363,-137.5817,18.1,50,14.5,0.7,204,0.062,1
59.64477,-105.36729,20.8,68,9.1,0.0,204,0.207,1
63.65007,-138.32957,18.3,57,13.0,0.2,205,0.235,1
61.20922,-107.54217,18.5,65,17.7,0.0,205,0.091,1
58.61853,-110.36629,25.1,52,18.7,0.0,205,0.084,1
63.62484,-138.26678,17.4,56,13.0,0.2,205,0.235,1
59.97917,-113.50804,22.1,54,13.4,0.0,206,0.206,1
67.2813,-131.60803,18.6,49,14.3,0.0,206,0.208,1
58.9252,-114.80603,18.7,68,15.9,0.4,206,0.501,1
55.70872,-119.61365,16.8,62,17.1,1.2,207,0.376,1
56.4519,-116.8193,15.2,81,18.2,1.6,207,0.408,0
77.5662,-63.5607,-1.6,65,39.9,0.0,207,0.335,0
46.8175,-103.08,21.7,39,23.1,0.0,207,0.28,0
52.6234,-126.7272,11.3,99,7.4,24.9,207,0.414,0
46.5449,-114.0189,21.6,35,11.6,0.0,207,0.165,0
67.32581,-131.65469,14.8,40,15.9,0.0,208,0.17,1
67.25631,-131.89886,16.2,46,13.2,0.0,209,0.174,1
43.3925,-87.6666,23.9,85,22.9,1.8,209,0.316,0
50.4879,-85.1153,22.3,67,11.4,0.1,209,0.584,0
67.24143,-131.95193,16.4,47,14.6,0.0,210,0.163,1
45.87756,-67.45322,25.1,69,12.1,0.0,211,0.257,1
67.37065,-131.58893,16.5,59,17.1,0.0,212,0.16,1
51.8255,-117.8674,14.0,67,6.4,0.5,212,0.273,0
67.42433,-131.4301,19.3,46,20.8,0.0,213,0.077,1
67.37403,-131.61168,19.1,49,21.1,0.0,213,0.17,1
67.32774,-131.24287,14.4,73,15.5,1.6,214,0.185,1
66.7733,-62.7575,14.5,57,8.0,0.0,214,0.021,0
53.58728,-93.75062,20.3,64,16.0,0.4,215,0.54,1
63.2645,-136.6475,16.2,64,10.1,0.0,215,0.266,0
51.19285,-94.64044,19.7,64,18.6,0.9,217,0.268,1
46.6175,-123.2746,20.6,66,12.6,0.0,217,0.241,0
60.6322,-138.0107,18.8,68,10.5,0.3,217,0.112,0
65.9492,-98.3409,9.2,89,21.0,2.5,217,0.252,0
56.8626,-64.117,10.6,91,20.0,0.1,220,0.265,0
71.609,-80.1622,13.7,65,10.9,0.0,221,0.143,0
44.7218,-78.5306,16.8,72,20.5,1.2,222,0.22,0
46.3964,-110.8237,15.7,76,16.2,0.8,223,0.201,0
65.0092,-101.2148,8.5,85,31.6,0.0,223,0.258,0
51.4068,-63.7159,13.1,78,13.0,0.2,226,0.247,0
76.4784,-62.122,1.1,53,30.9,0.0,226,0.28,0
57.596,-103.7086,10.8,89,18.3,8.8,228,0.267,0
67.0322,-117.8911,4.1,87,12.9,2.0,230,0.573,0
63.399,-116.5827,7.7,79,27.2,3.5,230,0.512,0
82.9832,-73.1135,-1.6,98,7.8,3.9,230,0.398,0
59.5595,-121.2498,5.9,73,17.1,0.0,230,0.621,0
53.26643,-109.95254,12.2,80,12.8,0.0,232,0.31,1
46.8864,-112.4783,16.5,55,13.0,0.4,233,0.202,0
51.2084,-94.63263,13.5,74,13.0,0.0,234,0.261,1
43.9663,-94.8566,17.6,73,17.4,0.0,235,0.293,0
51.2199,-93.4557,11.2,86,32.9,14.0,240,0.511,0
45.62273,-71.60562,16.6,81,22.1,1.9,242,0.381,1
50.9335,-72.0314,12.7,87,26.3,6.8,242,0.297,0
43.26334,-79.81247,17.6,61,13.7,0.0,243,0.25,1
63.23653,-136.38203,11.9,55,9.7,0.0,245,0.19,1
54.7115,-70.9706,5.0,82,36.5,5.4,246,0.301,0
51.8054,-99.9827,14.8,78,15.6,0.0,247,0.37,0
45.0501,-84.4032,15.3,70,21.3,0.0,247,0.215,0
51.1497,-60.8783,13.5,76,28.8,24.4,248,0.323,0
53.0993,-101.1131,13.4,86,12.7,9.1,248,0.663,0
42.81261,-80.09803,17.0,76,10.6,1.7,249,0.411,1
55.0237,-125.3162,12.3,92,5.2,2.4,250,0.331,0
63.57235,-138.26126,11.7,49,13.7,0.0,251,0.248,1
61.1691,-106.7896,5.8,76,13.7,0.0,251,0.235,0
63.52137,-134.84785,12.4,35,16.6,0.0,253,-0.0,1
43.654,-102.4074,17.5,88,25.2,9.2,254,0.285,0
63.34529,-136.24426,8.0,51,12.0,0.0,255,0.123,1
49.4424,-89.4518,9.2,80,16.6,0.0,255,0.278,0
66.5053,-96.1855,8.7,81,27.4,0.0,255,0.206,0
63.29876,-136.26106,11.2,57,11.3,0.0,256,0.122,1
66.2682,-130.7465,11.0,84,9.4,0.0,256,0.583,0
58.21768,-115.83179,13.6,75,8.9,0.0,257,0.224,1
42.80239,-80.10034,18.2,65,12.9,0.0,260,0.442,1
71.6729,-81.8185,1.4,96,25.8,8.1,260,0.242,0
48.8271,-75.5841,13.3,75,13.8,0.0,261,0.247,0
74.9045,-86.0062,-1.7,74,13.6,0.3,262,0.284,0
46.5402,-94.1847,20.4,78,13.6,0.0,262,0.243,0
56.0037,-107.7611,13.1,72,16.9,0.0,262,0.24,0
57.04106,-111.64605,15.8,65,16.0,0.0,265,0.516,1
61.8207,-75.0144,1.5,91,28.8,9.0,265,0.361,0
65.9746,-91.5981,3.6,93,24.6,10.2,268,0.313,0
56.1836,-94.1391,4.0,66,17.7,0.0,269,0.624,0
54.18238,-126.98592,2.2,63,16.0,0.1,271,0.361,1
59.7223,-124.2526,6.4,70,10.6,0.0,273,0.402,0
49.42882,-121.51898,0.6,57,7.7,0.0,283,0.392,1
42.80462,-80.10423,12.9,74,16.3,0.0,283,0.431,1
50.89296,-118.76252,-3.0,64,4.0,0.0,284,0.384,1
49.34878,-118.72021,-1.2,49,5.9,0.0,284,0.374,1
53.73917,-122.03464,1.2,50,15.8,0.0,284,0.381,1
53.73289,-124.01488,1.0,83,11.9,0.4,286,0.373,1
50.8879,-122.30052,-0.6,94,10.7,3.8,289,0.385,1
54.52072,-123.92627,0.6,88,9.5,0.9,293,0.462,1
50.56995,-118.91215,2.0,65,7.1,0.0,300,0.362,1
58.51342,-116.45243,-9.6,59,9.9,0.0,310,0.286,1
49.492,-120.66548,0.9,64,4.9,0.0,311,0.347,1
56.03388,-122.74452,2.6,86,15.3,1.2,320,0.232,1
57.08831,-117.02555,5.0,60,22.4,0.0,327,0.484,1
55.5539,-117.35831,2.2,59,29.5,0.0,337,0.454,1
55.26052,-115.63451,-0.2,75,16.2,0.0,363,0.461,1
56.20803,-115.27805,-4.6,86,16.0,0.0,364,0.364,1
55.66416,-114.03323,-5.0,85,16.3,1.2,22,0.367,1
54.03159,-115.95692,1.3,75,16.3,1.3,24,0.338,1
54.58904,-115.167,-5.0,80,11.1,0.0,28,0.345,1
55.97172,-122.56362,-1.8,81,24.3,5.8,29,0.207,1
51.78955,-115.08792,-6.1,74,14.0,0.3,45,0.337,1
55.66022,-121.24426,-0.1,71,21.7,0.0,57,0.342,1
57.04265,-111.61808,2.7,69,25.4,1.0,59,0.536,1
52.81993,-124.23468,-11.2,63,11.1,0.0,68,0.327,1
43.07122,-80.85769,-0.1,53,15.2,0.1,76,0.366,1
54.94461,-117.55391,-0.8,63,20.3,0.3,81,0.445,1
46.04324,-73.14498,-0.3,71,11.0,0.0,88,0.308,1
47.56004,-81.93571,1.5,73,11.6,0.0,92,0.274,1
42.7617,-96.8799,15.6,70,19.1,0.0,98,0.321,0
61.6744,-93.8662,-14.4,82,27.1,0.0,99,0.233,0
58.6043,-93.229,-13.7,82,10.5,0.0,101,0.216,0
43.0697,-80.85859,2.1,61,19.5,0.0,102,0.378,1
68.9161,-89.2206,-17.7,84,18.1,0.0,102,0.211,0
44.6056,-85.2314,5.1,80,36.5,8.0,104,0.258,0
50.79596,-106.40473,-1.4,29,22.7,0.0,106,0.323,1
77.9796,-52.9865,-23.0,73,37.6,0.0,106,0.287,0
54.61919,-118.67229,3.4,61,14.8,0.0,107,0.394,1
78.4078,-100.7189,-21.9,78,46.1,0.0,107,0.332,0
55.7404,-94.2641,-8.8,67,16.5,0.0,107,0.339,0
70.2002,-103.6079,-20.5,71,48.5,0.0,108,0.348,0
61.5494,-140.2354,-0.2,89,7.4,4.4,108,0.251,0
55.2783,-125.3467,5.3,61,13.3,0.0,111,0.415,0
46.4947,-103.6158,9.0,47,40.3,0.1,111,0.189,0
50.0252,-96.0974,3.1,50,15.1,0.7,113,0.459,0
72.172,-87.6081,-15.5,78,30.5,0.0,115,0.229,0
57.0421,-111.63754,8.2,69,18.3,0.0,116,0.548,1
49.14423,-123.02277,10.5,76,24.0,0.6,117,0.228,1
49.1739,-99.9732,8.1,77,30.1,0.2,117,0.406,0
57.688,-96.1407,-1.9,78,27.6,3.8,118,0.423,0
56.9921,-92.424,-8.2,80,36.4,0.0,119,0.687,0
79.4269,-89.7827,-25.7,68,8.8,0.8,120,0.34,0
51.2108,-66.5671,1.9,87,22.8,18.1,122,0.247,0
53.5719,-71.3927,-0.7,96,27.6,1.6,123,0.261,0
57.6586,-131.7482,-1.6,60,6.1,0.0,123,0.295,0
50.79546,-106.79844,9.7,59,27.2,0.0,124,0.226,1
67.8454,-140.2292,-4.7,57,12.8,0.0,124,0.36,0
54.7258,-106.2281,3.0,71,15.3,0.0,124,0.397,0
58.11558,-116.74574,10.5,56,19.8,0.0,125,0.306,1
52.75385,-102.19725,8.6,69,10.8,0.0,126,0.313,1
48.3203,-100.4787,6.0,79,14.3,0.2,126,0.21,0
50.17355,-97.08757,5.9,58,16.8,0.0,127,0.374,1
49.3777,-97.05446,7.8,53,17.9,0.0,127,0.371,1
49.64852,-99.39097,4.1,44,18.4,0.0,128,0.207,1
52.40299,-106.04816,8.3,39,21.3,0.0,128,0.288,1
51.04015,-99.62943,2.7,47,17.4,0.0,128,0.269,1
51.22909,-99.57626,2.2,52,17.9,0.0,128,0.286,1
64.6072,-134.0977,1.0,73,3.9,0.0,128,0.179,0
46.1439,-59.9042,2.1,77,30.4,6.7,128,0.39,0
44.0979,-108.7218,6.5,39,41.2,0.0,128,0.063,0
64.0805,-119.3398,-0.2,83,11.9,0.0,129,0.731,0
70.1854,-92.5972,-13.5,70,27.0,0.0,130,0.197,0
42.80859,-80.09776,6.8,59,30.1,0.0,131,0.415,1
53.95811,-128.74704,12.2,38,19.0,0.0,132,0.358,1
52.03488,-102.41912,0.9,41,16.9,0.0,132,0.299,1
46.9054,-116.5764,11.4,47,16.4,0.4,132,0.322,0
71.1566,-107.5332,-8.0,83,28.3,0.0,132,0.31,0
51.7716,-127.1598,11.1,74,9.1,0.4,133,0.424,0
67.5774,-66.5473,-7.1,89,8.9,0.0,133,0.766,0
42.80979,-80.09364,4.2,57,15.0,0.0,134,0.426,1
77.8071,-56.0137,-16.0,90,20.6,0.0,134,0.328,0
62.6452,-119.4295,0.8,59,22.1,0.1,134,0.647,0
48.2138,-78.8675,3.6,44,14.3,0.0,134,0.229,0
53.29939,-104.95202,8.6,55,23.2,0.0,135,0.194,1
67.6698,-84.9424,-6.4,86,24.1,1.0,135,0.193,0
51.7049,-118.6773,11.4,64,6.4,0.5,135,0.293,0
50.40921,-111.69621,9.3,52,21.4,0.0,136,0.237,1
53.24115,-104.91602,4.1,44,16.9,0.0,136,0.14,1
51.49948,-101.97787,6.9,55,20.9,0.0,136,0.289,1
46.6103,-115.2061,2.0,77,8.4,0.5,137,0.424,0
73.2697,-117.3532,-4.6,89,43.3,1.4,137,0.307,0
50.63239,-100.65041,15.8,46,33.5,0.1,139,0.256,1
52.0358,-100.21584,17.7,40,23.9,0.0,139,0.201,1
67.1522,-123.253,-5.5,82,19.9,0.7,139,0.38,0
66.4276,-64.6921,-4.6,84,3.5,0.0,139,0.185,0
52.12318,-100.18395,18.1,48,25.2,0.2,140,0.172,1
52.80088,-104.31015,18.4,48,25.1,0.5,140,0.252,1
50.55821,-106.26539,19.6,57,25.5,0.0,140,0.088,1
81.2449,-59.0838,-8.0,81,6.5,0.0,140,0.055,0
51.83562,-100.16377,16.6,58,16.4,0.0,141,0.191,1
50.36709,-100.67482,18.5,65,25.6,0.0,141,0.228,1
53.16919,-104.89265,12.9,58,25.3,0.0,141,0.065,1
49.93,-126.4695,1.7,77,12.6,2.7,142,0.391,0
46.48975,-81.03539,19.2,50,12.2,0.0,144,0.08,1
52.06918,-102.01075,14.6,53,23.4,0.2,144,0.159,1
42.6968,-100.539,16.1,75,32.4,16.3,145,0.266,0
63.6233,-117.9338,5.8,57,16.3,0.0,146,0.565,0
49.0065,-114.4709,8.7,67,13.6,0.3,146,0.386,0
61.0911,-134.7494,4.0,62,21.7,1.0,146,0.172,0
42.81622,-81.32225,22.6,74,11.8,0.0,147,0.302,1
50.4518,-65.637,14.5,65,16.8,0.6,147,0.225,0
48.26866,-79.05797,21.6,81,20.7,2.9,148,0.239,1
71.6296,-121.1696,-4.6,85,19.4,0.0,148,0.216,0
43.538,-86.451,14.0,90,20.1,3.8,150,0.27,0
61.0221,-74.2751,-1.7,84,15.1,0.0,150,0.374,0
43.8766,-109.6596,8.3,58,11.8,0.2,151,0.428,0
52.22059,-108.57853,15.9,51,23.2,2.3,154,0.243,1
66.5763,-109.9535,-3.5,94,31.7,4.5,155,0.185,0
50.77348,-95.66602,17.3,50,26.3,0.0,156,0.244,1
75.7155,-114.6535,-2.8,94,11.6,0.2,157,0.383,0
59.1104,-135.8967,1.0,83,4.9,0.0,157,0.303,0
57.6123,-106.4007,8.3,56,20.4,0.0,158,0.204,0
65.1653,-91.5392,-1.5,85,30.8,0.0,159,0.207,0
76.2403,-52.4559,-15.9,81,22.3,0.0,159,0.373,0
42.7351,-104.1083,18.7,46,33.6,5.4,159,0.203,0
58.961,-137.1602,6.3,64,3.3,2.5,159,0.762,0
46.0129,-86.9086,10.4,72,13.8,0.0,159,0.204,0
60.0126,-75.2603,0.4,83,19.2,0.0,161,0.407,0
49.10438,-100.35748,15.4,58,20.5,0.2,163,0.225,1
48.6638,-111.6455,20.6,47,26.9,0.0,164,0.24,0
60.0014,-110.3578,16.6,58,13.3,0.0,165,0.221,0
66.46945,-138.10297,17.6,59,15.1,0.7,166,0.16,1
67.90247,-138.72801,19.4,45,15.5,0.0,167,0.201,1
52.1504,-102.10918,18.9,65,35.0,0.5,167,0.181,1
63.0606,-65.6948,1.6,85,12.7,0.0,167,0.225,0
53.84788,-113.11037,13.4,69,21.5,0.1,168,0.379,1
44.16902,-76.8027,17.5,60,12.3,0.0,168,0.271,1
43.82413,-81.25184,19.2,55,14.1,0.0,169,0.26,1
45.08708,-75.09837,22.2,42,10.6,0.0,169,0.276,1
71.5739,-82.8494,8.4,72,21.6,0.0,169,0.24,0
58.5041,-113.9687,12.6,71,11.8,0.0,169,0.255,0
67.5092,-75.9433,4.3,75,17.7,0.0,169,0.287,0
49.59867,-71.38721,25.9,43,19.4,0.0,171,0.106,1
49.60247,-71.30894,25.9,43,19.4,0.0,171,0.106,1
49.64291,-71.01212,25.9,43,20.3,0.0,171,0.095,1
49.58909,-71.24474,26.6,44,19.7,0.0,171,0.107,1
49.65523,-71.20582,26.1,43,19.7,0.0,171,0.096,1
57.03796,-111.90617,15.1,57,9.2,0.0,171,0.31,1
49.51348,-71.35362,21.2,69,12.2,3.1,172,0.116,1
47.46885,-69.91953,17.0,72,27.3,0.0,172,0.2,1
57.04105,-111.90534,15.7,53,15.3,0.0,172,0.279,1
49.53235,-71.11842,20.5,71,12.2,5.2,172,0.122,1
42.8203,-81.32584,24.0,66,16.1,0.0,173,0.202,1
46.49081,-81.03641,21.4,77,14.5,0.0,174,0.093,1
48.8039,-114.3894,17.5,66,11.6,1.2,176,0.329,0
51.3803,-87.496,16.7,58,16.8,0.0,177,0.19,0
62.8582,-110.2582,12.2,77,18.8,0.0,177,0.213,0
70.6772,-73.6904,4.4,83,10.0,1.8,178,0.218,0
82.2542,-81.0001,6.2,100,2.7,0.0,178,0.204,0
63.31493,-121.6685,18.1,48,20.5,0.0,181,0.131,1
55.9188,-106.8146,15.9,73,11.3,0.7,181,0.181,0
55.9762,-104.9956,13.6,97,22.5,19.1,183,0.281,0
72.056,-108.4445,9.0,95,16.1,1.5,185,0.248,0
43.705,-91.4572,24.9,69,8.7,0.3,185,0.301,0
43.3413,-120.0325,19.2,31,21.8,0.0,188,0.023,0
76.9324,-67.9536,2.2,56,13.0,0.0,190,0.361,0
63.6216,-122.6123,12.7,76,7.4,0.3,190,0.615,0
48.6382,-77.9987,24.4,63,13.5,0.0,191,0.161,0
81.9694,-89.4111,2.4,91,25.3,0.0,191,0.311,0
61.9261,-128.3971,8.5,83,8.0,15.2,191,0.308,0
78.0743,-97.0156,2.9,86,24.3,0.0,192,0.068,0
67.1924,-139.1332,11.2,82,11.1,2.9,196,0.138,0
63.2443,-95.0519,10.3,71,34.5,3.9,196,0.048,0
54.15892,-108.28538,16.8,70,15.8,0.1,198,0.339,1
42.81706,-80.09119,24.6,68,22.2,0.0,200,0.381,1
80.3058,-80.669,13.2,67,8.4,0.0,204,0.138,0
49.4746,-78.2018,20.7,66,15.5,0.0,206,0.217,0
56.38942,-120.14594,16.6,63,16.8,0.0,208,0.321,1
59.8568,-99.5652,13.3,87,20.5,0.1,210,0.274,0
49.09697,-123.01716,18.6,71,10.3,0.0,211,0.08,1
66.3092,-87.8403,17.3,48,29.8,5.0,211,0.051,0
46.6301,-92.5644,20.3,67,12.7,0.0,211,0.3,0
72.3004,-79.0856,7.8,87,4.4,7.1,212,0.191,0
54.73232,-118.40263,20.0,76,14.4,1.9,213,0.39,1
76.8774,-61.0121,-7.9,73,23.8,0.0,213,0.395,0
54.7075,-97.2528,17.6,72,13.6,0.1,214,0.647,0
61.3254,-74.897,11.8,73,28.5,0.0,216,0.301,0
52.3265,-62.2772,17.4,86,20.3,15.0,216,0.242,0
50.0424,-72.3743,16.6,89,21.2,24.8,216,0.326,0
61.33092,-112.03078,21.1,57,26.4,0.0,217,0.233,1
53.0686,-98.5111,21.8,66,31.3,0.0,217,0.302,0
59.9201,-119.4301,15.8,58,33.8,1.0,217,0.603,0
55.07521,-88.98691,22.0,68,14.2,4.9,220,0.43,1
43.9958,-115.2689,17.3,48,11.3,0.0,220,0.205,0
53.9356,-110.5253,15.3,72,27.9,17.0,221,0.406,0
42.8193,-81.3252,22.3,75,15.7,8.3,222,0.317,1
68.0193,-71.7438,5.6,73,16.6,1.1,222,0.188,0
67.986,-137.4705,4.9,91,13.2,4.5,224,0.276,0
64.5261,-115.5982,16.0,72,18.8,1.1,225,0.306,0
43.06798,-80.85681,22.8,65,12.8,0.0,226,0.259,1
59.0057,-133.8494,5.9,84,10.0,0.0,226,0.242,0
58.9248,-134.9976,11.2,89,7.5,4.9,226,0.267,0
65.4295,-102.7171,13.6,83,29.6,17.0,227,0.214,0
77.5101,-63.0136,-8.4,70,38.8,0.0,229,0.343,0
49.6906,-72.9296,16.7,83,20.0,6.5,230,0.242,0
54.4728,-83.77,11.9,83,22.6,1.3,231,0.519,0
52.3217,-122.2744,18.6,74,9.7,0.0,232,0.262,0
50.08618,-116.12402,15.5,46,13.1,0.1,233,0.217,1
53.8853,-75.1739,11.4,74,18.3,1.0,233,0.28,0
50.05946,-116.12012,12.0,59,14.4,0.3,234,0.215,1
50.09187,-116.06703,16.1,56,9.4,0.3,234,0.253,1
45.33971,-73.52116,20.2,77,10.1,0.8,235,0.419,1
50.07693,-116.05665,13.8,51,9.7,0.0,236,0.228,1
60.585,-121.2348,11.1,96,15.8,6.3,236,0.295,0
50.07949,-116.06444,16.3,44,10.3,0.0,237,0.232,1
50.06821,-116.1537,12.4,43,13.4,0.0,237,0.207,1
53.583,-68.6919,11.6,78,20.1,1.2,237,0.248,0
45.27852,-66.01617,16.6,68,27.5,0.5,239,0.315,1
79.882,-85.3756,1.1,80,7.4,0.0,239,0.149,0
49.58101,-117.69558,15.0,49,7.6,0.0,241,0.188,1
50.05658,-116.12845,13.6,47,9.6,0.0,241,0.214,1
59.7025,-111.4379,9.7,97,25.4,37.2,243,0.334,0
55.1511,-73.2028,10.2,80,15.3,0.1,244,0.241,0
60.8408,-113.7126,9.0,72,20.1,0.0,244,0.485,0
46.129,-88.1333,16.0,64,32.8,1.6,247,0.234,0
50.04953,-115.99843,14.5,57,8.4,0.0,248,0.245,1
50.34534,-97.77513,13.5,64,24.7,0.0,248,0.35,1
50.04886,-116.14388,14.7,46,13.8,0.0,249,0.196,1
51.0914,-118.6359,16.4,71,7.2,0.0,249,0.324,0
46.6837,-117.7919,26.6,31,21.6,0.0,249,0.139,0
50.04296,-115.98615,15.0,45,11.8,0.0,250,0.232,1
67.24,-81.6153,1.9,78,28.8,0.0,251,0.18,0
74.096,-121.4078,-1.0,88,22.3,0.0,252,0.154,0
49.59641,-97.36365,9.2,54,23.1,0.0,253,0.372,1
58.2254,-113.3067,11.8,83,10.6,4.6,254,0.621,0
56.4227,-66.5841,5.8,81,13.1,0.5,254,0.694,0
76.5822,-95.0536,-5.7,85,21.1,3.4,254,0.206,0
49.62694,-97.31886,15.3,54,25.0,0.0,255,0.342,1
58.1196,-120.963,10.4,84,15.5,1.7,255,0.539,0
65.6984,-103.4982,3.5,83,16.0,4.1,255,0.247,0
51.1936,-71.315,7.4,80,22.8,2.4,255,0.29,0
54.1955,-65.1057,7.7,77,28.6,1.9,255,0.262,0
57.2315,-65.7189,5.3,88,27.0,6.3,256,0.28,0
47.55,-101.2973,15.0,58,23.7,0.0,257,0.182,0
55.3703,-111.2771,6.1,91,17.6,1.8,258,0.653,0
50.20451,-102.83817,8.5,69,22.6,0.0,260,0.19,1
74.6789,-85.5674,-5.3,90,11.4,0.0,260,0.187,0
72.2123,-110.3909,-3.6,96,33.7,6.5,260,0.264,0
49.62186,-117.6652,16.2,51,7.4,0.0,262,0.178,1
58.6786,-134.6714,2.1,98,12.5,5.5,263,0.307,0
54.5557,-130.0115,13.6,97,6.4,8.6,263,0.36,0
50.35159,-104.29153,15.4,62,21.2,0.6,267,0.237,1
54.1234,-96.584,8.8,82,14.8,0.0,267,0.645,0
49.9554,-106.3546,17.7,45,36.4,0.2,268,0.217,0
51.0888,-90.3172,8.8,77,10.2,0.0,268,0.231,0
53.79802,-113.10043,12.5,55,18.0,0.0,269,0.3,1
49.6164,-112.3114,13.4,48,33.0,0.0,269,0.264,0
53.99527,-127.49178,5.5,85,12.8,1.6,270,0.288,1
77.814,-80.3392,-13.2,81,22.4,0.0,270,0.403,0
52.05136,-124.34545,13.1,72,6.5,0.0,276,0.29,1
53.93148,-124.27156,12.0,89,6.9,0.0,277,0.346,1
50.88622,-105.82629,12.1,55,19.0,0.0,278,0.212,1
51.77676,-122.24747,12.6,93,4.3,0.6,280,0.3,1
49.46604,-97.32285,7.7,69,24.5,0.0,284,0.364,1
51.20244,-102.14915,2.6,50,26.8,0.0,288,0.218,1
52.94896,-109.54793,1.4,60,30.8,0.0,288,0.292,1
49.06332,-124.24624,6.1,82,17.3,0.4,288,0.297,1
50.89884,-122.36998,-4.9,92,6.8,0.8,289,0.377,1
54.55225,-127.41054,0.2,87,6.5,24.1,290,0.369,1
55.14511,-125.67839,-1.7,57,12.6,0.3,292,0.367,1
52.52615,-125.62775,-1.1,78,17.5,0.1,294,0.276,1
51.8974,-124.32463,-0.4,78,12.7,0.7,294,0.377,1
48.90936,-124.14558,4.3,88,15.5,0.5,295,0.272,1
45.11092,-73.01192,11.1,85,20.9,0.9,296,0.408,1
50.9465,-119.79705,-9.7,73,9.5,0.0,299,0.36,1
56.66454,-121.23381,-0.6,66,13.1,0.0,302,0.316,1
53.56181,-113.3548,3.9,65,16.1,0.0,306,0.399,1
54.63935,-126.29846,3.7,95,15.2,1.5,308,0.413,1
49.08285,-100.34379,10.0,51,23.8,0.0,308,0.264,1
54.10314,-111.97908,3.9,76,22.6,1.3,309,0.302,1
51.70322,-121.48036,5.6,76,22.8,2.3,310,0.407,1
51.71121,-121.51402,5.6,76,22.8,2.3,310,0.407,1
49.95871,-124.22237,2.3,77,8.0,0.0,311,0.407,1
50.81818,-118.57294,2.4,86,6.0,0.3,311,0.271,1
50.62144,-118.48483,-5.2,80,5.2,0.1,311,0.407,1
48.903,-124.05607,2.0,73,16.6,0.0,312,0.384,1
54.92902,-122.85088,-5.2,70,12.1,0.0,313,0.26,1
52.16805,-121.76962,-5.9,52,22.2,0.0,313,0.377,1
43.12359,-79.17271,14.0,68,12.2,0.0,314,0.296,1
46.04335,-73.14163,13.2,78,17.1,0.0,315,0.237,1
46.04541,-73.14476,2.7,81,16.9,0.0,319,0.252,1
50.48329,-99.13554,-2.9,66,27.8,0.0,320,0.23,1
48.74918,-92.01021,-5.3,68,13.0,0.0,326,0.239,1
42.80807,-80.10278,6.3,71,22.9,0.0,326,0.436,1
51.63337,-122.91442,-2.5,66,15.3,0.0,331,0.367,1
42.80216,-80.10101,4.9,72,19.3,0.1,333,0.476,1
43.86675,-79.50014,3.6,68,16.3,0.0,334,0.267,1
55.89199,-114.13182,-0.7,70,27.1,0.3,336,0.62,1
51.34334,-99.63316,-2.2,81,18.3,0.0,338,0.295,1
50.08007,-91.64574,-3.6,88,15.9,0.0,338,0.223,1
55.06529,-113.29555,-0.3,75,12.5,0.0,340,0.355,1
42.80485,-80.09985,-1.5,64,16.4,0.0,342,0.472,1
55.4933,-120.48913,1.7,72,23.0,1.0,343,0.334,1
54.35143,-111.52628,-0.4,81,19.7,0.0,344,0.337,1
56.6692,-118.5718,-3.6,71,12.6,0.2,345,0.343,1
56.78959,-118.62368,-3.7,68,14.3,0.3,345,0.343,1
46.4921,-81.03497,-12.4,75,12.5,0.0,353,0.227,1
43.26381,-79.80709,-0.3,76,14.2,0.0,10,0.367,1
53.37025,-116.35733,-1.1,61,13.4,0.0,66,0.644,1
67.1585,-94.296,-21.9,75,53.6,3.0,93,0.195,0
45.248,-85.1252,7.6,62,8.9,0.0,94,0.19,0
67.277,-101.121,-21.3,80,33.5,1.6,94,0.197,0
82.497,-80.1142,-25.2,44,10.5,0.0,94,0.297,0
53.56108,-113.3577,2.9,61,21.6,0.0,95,0.465,1
44.1501,-102.8733,16.0,24,34.3,0.0,95,0.267,0
53.4003,-92.7129,3.0,67,19.6,0.7,95,0.404,0
53.1936,-89.5056,3.0,77,22.2,2.3,96,0.42,0
58.3318,-94.0173,-9.4,82,39.8,0.0,97,0.603,0
52.799,-85.4485,2.3,75,13.0,0.0,97,0.737,0
49.9465,-98.428,4.9,81,23.7,0.0,99,0.383,0
46.3603,-88.4182,10.7,87,18.8,3.2,99,0.381,0
60.3452,-131.1383,-13.4,81,14.6,4.9,100,0.191,0
66.2584,-86.4633,-15.0,82,27.4,0.0,105,0.167,0
54.6908,-122.7177,6.1,62,7.8,0.0,106,0.303,0
72.564,-115.4408,-10.8,85,17.3,0.7,106,0.162,0
67.7629,-65.6527,-17.5,49,7.2,0.0,106,0.403,0
52.7033,-87.2216,-1.6,65,11.0,0.0,107,0.697,0
61.5973,-110.107,-3.9,76,11.4,0.0,108,0.229,0
52.1991,-70.1921,0.2,84,13.9,0.0,109,0.305,0
64.5986,-118.8616,-1.0,88,13.1,0.0,109,0.614,0
67.4758,-99.6153,-6.6,85,40.1,1.0,111,0.261,0
49.9547,-122.4143,11.7,48,6.9,0.0,111,0.292,0
46.1662,-116.0124,9.9,59,10.7,0.4,114,0.247,0
69.0898,-139.3162,-2.7,63,11.1,0.0,115,0.218,0
54.5302,-61.1275,0.8,94,9.7,1.6,120,0.311,0
58.7416,-126.4651,-2.9,77,15.1,4.5,121,0.233,0
49.0724,-116.2902,5.2,58,11.9,1.1,122,0.346,0
53.7664,-66.3823,0.4,90,47.4,2.4,123,0.286,0
68.5203,-136.0905,-6.5,81,7.7,0.0,126,0.231,0
45.7344,-121.0155,15.9,39,32.8,0.0,126,0.144,0
68.1271,-126.0997,-1.2,86,25.4,0.5,127,0.297,0
43.12247,-79.17125,7.8,72,19.7,0.9,130,0.347,1
70.9516,-93.1127,-10.4,82,15.0,0.0,130,0.18,0
66.0994,-127.7836,3.1,67,13.3,0.0,131,0.691,0
47.8834,-100.1876,12.7,34,16.8,0.0,132,0.166,0
46.1651,-68.7638,7.9,75,19.6,7.6,132,0.292,0
46.9371,-54.111,4.3,80,30.7,0.0,133,0.375,0
65.9074,-117.9221,-4.8,78,21.3,0.0,135,0.393,0
48.3972,-100.4887,15.5,47,16.3,0.0,135,0.076,0
52.925,-96.1002,7.9,70,16.6,2.6,135,0.571,0
51.88545,-99.6754,14.2,60,20.9,0.1,136,0.226,1
55.7707,-93.1347,3.4,82,22.7,7.0,136,0.418,0
51.98576,-99.09901,22.5,36,30.1,0.0,138,0.145,1
67.3011,-136.3113,-1.0,75,10.9,0.0,138,0.26,0
65.6282,-53.1719,2.0,83,22.7,0.0,138,0.751,0
52.6664,-105.8969,22.9,31,28.6,0.0,138,0.147,0
52.38657,-99.12373,19.5,49,25.7,1.3,139,0.253,1
68.7614,-106.9895,-7.1,82,25.9,0.0,141,0.184,0
63.9577,-128.475,1.8,74,18.4,0.3,142,0.191,0
51.6052,-89.4636,5.5,66,15.3,0.0,143,0.265,0
48.039,-69.9637,14.7,66,24.4,8.1,143,0.217,0
44.1345,-101.231,19.5,35,30.7,0.0,145,0.39,0
58.3299,-71.6287,-4.2,71,20.6,0.0,145,0.403,0
76.2406,-99.8692,-4.0,87,23.0,0.1,146,0.234,0
58.8245,-71.1856,4.4,71,36.7,0.0,150,0.397,0
64.1201,-97.4404,-1.0,91,29.9,3.9,150,0.206,0
44.1347,-111.3072,15.2,58,14.5,0.0,152,0.3,0
62.25226,-122.41225,15.5,59,12.0,0.0,155,0.436,1
78.3495,-56.4871,-10.6,75,28.8,0.0,155,0.33,0
71.5054,-77.9822,-5.4,84,22.1,1.1,155,0.165,0
61.4657,-130.5706,4.6,68,8.2,0.9,156,0.206,0
43.7864,-112.0588,20.9,18,39.5,0.0,157,0.063,0
54.8273,-93.6932,10.5,89,16.0,11.3,158,0.312,0
56.051,-74.7483,9.0,87,49.1,19.7,158,0.405,0
81.0276,-75.9734,-1.4,56,7.0,0.0,158,0.373,0
51.1413,-64.3978,12.0,75,19.3,5.9,158,0.261,0
66.2602,-91.5681,-1.1,92,34.0,0.0,159,0.194,0
53.8351,-104.6823,14.0,73,8.0,0.0,159,0.215,0
46.9988,-115.6926,8.4,81,16.9,11.7,161,0.347,0
52.958,-62.9776,4.6,74,15.8,2.0,163,0.23,0
53.9048,-113.4048,16.3,50,20.3,0.0,164,0.356,0
75.7729,-112.6418,2.0,96,14.0,0.0,164,0.096,0
60.884,-126.8965,6.6,82,19.9,3.1,164,0.267,0
47.2015,-80.5209,15.7,82,20.2,3.2,165,0.165,0
59.7822,-119.6907,18.0,57,14.6,1.1,166,0.574,0
69.8587,-127.9835,7.8,77,13.1,0.0,166,0.351,0
58.4099,-118.3048,9.0,99,25.0,22.5,168,0.401,0
66.0533,-136.394,19.2,51,12.6,0.0,169,0.144,0
53.5447,-86.1618,12.3,65,18.8,0.0,170,0.636,0
70.3698,-105.4952,2.6,93,19.7,0.0,171,0.285,0
51.0808,-59.6514,12.6,91,13.5,10.0,171,0.271,0
64.7796,-89.5629,4.4,76,27.7,0.9,173,0.245,0
42.5345,-113.4525,28.6,17,16.5,0.0,173,0.025,0
50.68206,-95.0079,19.2,54,24.3,1.0,174,0.332,1
48.1979,-66.5659,13.5,69,19.5,10.6,174,0.398,0
44.267,-99.5726,23.6,56,18.4,0.1,176,0.174,0
73.4505,-55.8847,6.8,70,26.7,3.1,177,0.246,0
77.4123,-63.7937,-3.2,82,30.9,1.4,177,0.301,0
65.4749,-85.5597,9.0,70,22.5,0.0,180,0.325,0
67.5733,-93.1174,7.3,75,24.7,0.0,180,0.28,0
52.7022,-106.6741,25.7,54,15.1,0.0,181,0.182,0
59.3342,-104.66299,29.6,42,14.6,0.0,182,0.173,1
47.3804,-108.6451,29.8,23,27.2,0.0,182,0.14,0
70.5256,-54.138,5.9,76,21.3,7.7,182,0.384,0
52.0535,-125.08248,17.3,52,10.5,0.0,183,0.258,1
57.21048,-104.7117,27.1,42,17.3,0.0,183,0.149,1
57.1096,-104.83744,26.7,45,17.2,0.0,183,0.159,1
57.15561,-104.69393,27.1,42,17.3,0.0,183,0.149,1
45.9198,-80.7631,17.6,73,17.1,0.0,184,0.229,0
51.75024,-120.84386,17.1,51,12.0,0.0,186,0.177,1
50.99615,-120.73782,19.1,43,12.6,0.0,186,0.119,1
82.0691,-88.4209,0.8,94,22.7,0.4,187,0.277,0
55.23554,-104.56406,20.7,63,13.3,0.0,189,0.214,1
53.60068,-124.7517,18.9,52,13.7,0.0,189,0.217,1
54.9719,-97.6006,19.6,60,19.4,0.0,189,0.529,0
53.57021,-124.71655,19.9,54,10.6,0.0,190,0.217,1
52.57094,-94.64425,19.2,63,10.6,0.0,190,0.259,1
55.40948,-124.51083,19.0,48,14.2,0.0,190,0.271,1
51.3623,-94.16148,23.1,56,15.1,0.0,191,0.079,1
57.55764,-110.30178,24.6,40,18.5,0.0,191,0.153,1
57.34473,-107.8525,23.9,44,13.7,0.0,191,0.144,1
56.98826,-104.27467,23.0,56,10.6,0.0,191,0.144,1
51.40383,-94.34039,25.1,51,13.6,0.0,192,0.083,1
51.50564,-93.58599,24.1,60,12.3,0.0,192,0.148,1
52.72415,-95.55666,24.1,59,14.3,0.0,192,0.402,1
59.02828,-104.2719,21.3,63,19.3,7.3,192,0.165,1
61.84738,-123.41029,19.9,44,12.0,0.0,192,0.073,1
55.83182,-103.36905,25.1,48,22.3,0.0,192,0.115,1
78.4512,-52.8163,-11.7,74,26.7,0.0,192,0.268,0
51.48705,-94.73102,25.2,52,28.8,1.1,193,0.076,1
57.01836,-104.87768,16.0,64,12.4,0.0,194,0.166,1
51.46122,-121.46673,21.9,37,15.6,0.0,195,0.249,1
57.12886,-110.61469,21.0,51,17.7,0.0,195,0.453,1
50.23679,-121.45576,24.0,45,10.8,0.0,195,0.124,1
54.57266,-102.40474,23.8,57,14.6,0.0,196,0.1,1
52.59987,-96.03964,21.0,62,14.0,0.0,196,0.583,1
50.53011,-94.96951,21.4,63,10.7,0.1,196,0.27,1
55.87658,-104.25187,22.5,53,19.7,0.0,196,0.08,1
51.36988,-119.39997,24.5,37,7.6,0.0,196,0.202,1
56.20852,-102.31257,22.0,52,17.7,0.0,196,0.153,1
54.85727,-105.40258,24.1,52,16.5,0.0,196,0.417,1
58.2392,-104.96958,23.7,47,21.2,0.2,196,0.075,1
65.9549,-128.5176,6.9,71,12.6,3.7,196,0.564,0
55.08144,-101.64661,23.3,56,17.7,0.2,197,0.104,1
56.56824,-102.24571,19.5,61,23.5,0.0,197,0.209,1
55.35558,-100.116,23.3,61,18.8,0.0,197,0.484,1
55.94116,-104.03596,20.6,57,18.3,0.0,197,0.176,1
52.6091,-95.99564,24.3,62,19.2,0.0,197,0.563,1
54.88116,-105.39201,22.3,54,18.3,0.0,197,0.417,1
66.7321,-119.1732,7.5,64,24.6,0.0,197,0.28,0
52.06081,-94.56277,24.9,57,15.1,0.9,198,0.093,1
52.72685,-95.32391,21.8,72,14.6,1.8,198,0.297,1
55.9822,-104.23996,11.5,68,16.8,2.0,198,0.177,1
52.73134,-94.53541,21.3,71,13.6,2.0,198,0.304,1
49.6081,-117.45821,16.4,39,12.0,0.0,198,0.164,1
50.91221,-94.94301,24.8,55,13.5,0.0,198,0.28,1
52.0727,-95.97462,23.9,68,16.5,5.2,198,0.555,1
52.56749,-96.06502,22.7,73,12.7,2.4,198,0.55,1
48.8735,-116.091,20.3,38,14.6,0.0,198,0.159,0
50.73841,-121.14986,20.2,36,13.5,0.0,199,0.131,1
51.23,-94.57957,25.6,54,16.6,0.0,199,0.088,1
51.64313,-96.39498,25.4,62,16.8,0.0,199,0.522,1
51.75701,-96.25735,20.9,77,15.3,6.3,200,0.571,1
59.64794,-104.71025,14.6,59,11.3,0.0,200,0.167,1
51.52501,-94.525,21.4,70,15.5,4.5,200,0.111,1
51.55092,-121.65202,18.9,37,14.3,0.0,201,0.189,1
49.45211,-116.74226,22.5,42,12.2,0.0,201,0.227,1
64.08953,-133.01898,19.8,55,7.2,0.6,201,0.051,1
49.96037,-118.55625,19.9,40,20.6,0.0,201,0.202,1
50.66812,-94.58643,19.2,69,11.4,0.0,201,0.118,1
50.30083,-121.50154,13.1,48,12.4,0.0,202,0.092,1
51.38267,-121.42931,16.2,41,15.1,0.4,202,0.162,1
50.30367,-121.26946,16.2,45,11.8,0.0,204,0.122,1
55.32516,-75.81229,18.4,53,24.4,0.0,204,0.03,1
49.82938,-118.02951,16.3,38,7.7,0.0,204,0.168,1
44.0742,-77.7937,20.4,66,12.0,0.3,204,0.173,0
55.31963,-75.84994,19.2,53,46.1,7.4,205,0.034,1
52.62478,-96.3072,21.4,55,23.4,0.3,205,0.563,1
52.0505,-90.84679,20.5,71,22.4,0.8,205,0.239,1
62.60532,-136.27309,16.2,68,8.5,0.1,205,0.308,1
51.98343,-96.31057,21.5,57,24.6,0.8,205,0.6,1
54.08409,-98.31524,19.8,65,24.2,0.9,205,0.591,1
73.4102,-116.3663,3.9,78,19.4,0.0,205,0.258,0
54.4057,-61.6285,17.5,67,14.5,0.0,205,0.191,0
52.14362,-95.02992,19.1,74,19.4,2.9,206,0.337,1
52.15402,-95.91077,19.7,69,21.1,0.8,206,0.6,1
49.71332,-118.09608,22.2,38,9.6,0.0,207,0.197,1
49.67728,-118.00962,18.4,35,14.4,0.0,207,0.227,1
58.9598,-134.9903,9.3,80,7.0,0.0,207,0.236,0
68.9302,-111.6598,7.0,62,20.0,0.0,207,0.12,0
52.412,-95.89482,20.3,72,14.8,0.0,208,0.555,1
50.54706,-118.66827,18.9,32,6.8,0.0,208,0.138,1
49.52304,-116.61768,20.6,32,10.7,0.0,208,0.154,1
52.07506,-96.31921,23.0,59,21.7,0.1,209,0.515,1
50.3785,-121.62023,17.3,46,7.4,0.0,209,0.155,1
51.85002,-96.36693,18.5,62,20.0,0.0,210,0.485,1
52.09958,-95.05676,17.7,62,19.6,0.0,210,0.298,1
50.30153,-119.87489,22.0,28,10.9,0.0,210,0.113,1
52.09825,-95.06935,17.7,62,19.6,0.0,210,0.298,1
51.75761,-96.02788,18.5,62,19.9,0.0,210,0.531,1
49.74043,-121.11223,20.7,36,15.5,0.0,211,0.161,1
50.33786,-121.49625,19.0,27,10.5,0.0,211,0.15,1
50.28639,-119.88371,23.8,25,10.9,0.0,211,0.113,1
47.2046,-113.4614,24.6,37,9.9,0.0,211,0.136,0
55.17111,-100.0484,18.2,61,19.5,0.0,212,0.165,1
54.91794,-97.61469,18.8,59,18.4,0.0,212,0.492,1
57.19318,-96.46365,15.9,67,20.0,1.1,212,0.266,1
57.15888,-113.18436,19.7,61,9.8,0.0,212,0.339,1
50.61531,-120.97011,25.4,26,11.3,0.0,212,0.145,1
65.34899,-126.37785,22.3,51,9.0,0.0,213,0.152,1
67.02598,-134.03165,23.2,44,19.2,0.0,213,0.152,1
53.65166,-108.19158,22.5,54,13.4,0.0,213,0.267,1
50.22655,-119.78432,21.4,42,18.9,0.8,213,0.13,1
54.83387,-104.31703,22.9,52,12.9,0.0,214,0.188,1
57.41246,-110.23951,23.6,50,11.4,0.0,214,0.542,1
50.46125,-95.05084,21.7,57,12.1,0.0,214,0.281,1
52.07656,-96.46283,22.5,61,15.6,0.0,214,0.491,1
67.30139,-130.83327,22.8,52,18.1,0.0,214,0.185,1
55.78746,-106.38277,24.7,58,10.0,0.0,214,0.14,1
55.42584,-100.76199,23.3,60,12.3,0.0,214,0.526,1
54.85151,-104.29011,23.4,52,12.9,0.0,214,0.188,1
56.26546,-102.16405,22.0,65,13.0,0.0,214,0.116,1
55.15617,-100.26382,23.2,64,13.0,0.0,215,0.145,1
52.47802,-96.55037,23.6,69,10.3,0.0,215,0.508,1
57.20692,-101.63434,22.2,57,16.8,0.0,215,0.182,1
52.14092,-96.04108,23.2,73,9.5,0.1,215,0.529,1
63.51038,-119.92782,19.8,58,18.3,0.6,215,0.477,1
64.04687,-132.97862,22.4,53,12.3,3.5,215,0.064,1
60.95779,-125.10809,17.7,74,15.2,4.9,215,0.181,1
57.66997,-100.02478,22.4,57,20.7,0.0,215,0.122,1
57.39711,-101.38934,22.5,56,18.3,0.0,215,0.184,1
50.69981,-94.56855,23.3,62,9.6,0.1,215,0.284,1
59.93653,-104.8901,21.7,62,26.9,0.0,215,0.211,1
74.9979,-85.2419,0.7,97,17.0,0.7,215,0.744,0
50.43692,-95.08207,23.9,60,19.5,0.9,216,0.26,1
47.1747,-82.3494,18.8,84,14.1,0.1,216,0.258,0
59.83556,-107.6076,15.8,69,14.7,0.0,218,0.201,1
55.68117,-100.34569,17.5,66,15.0,0.0,218,0.531,1
59.2798,-127.8608,13.9,90,8.5,15.6,218,0.337,0
59.83978,-105.18822,16.5,73,18.0,1.7,219,0.22,1
57.87523,-96.68587,16.0,68,26.6,0.0,219,0.082,1
51.1092,-116.6819,18.4,56,7.6,0.0,219,0.257,0
52.0522,-96.5264,23.5,68,27.9,1.0,220,0.498,1
65.0702,-100.8845,6.4,82,41.2,10.6,220,0.283,0
63.60293,-115.71756,9.8,65,26.3,5.4,221,0.101,1
54.62748,-84.32989,18.0,71,31.9,0.2,221,0.448,1
56.326,-125.39928,12.7,64,19.3,0.0,223,0.336,1
82.8652,-74.5152,7.1,77,3.6,0.0,223,0.291,0
50.19161,-119.63541,19.2,35,19.2,0.0,224,0.176,1
51.21643,-120.83563,18.1,43,17.8,0.0,224,0.222,1
50.62038,-120.83234,20.7,40,14.9,0.0,224,0.216,1
80.5597,-70.0059,-2.0,72,4.9,0.0,224,0.753,0
66.1667,-64.2334,-0.3,94,14.7,3.0,224,0.745,0
56.00782,-123.25282,17.8,62,12.1,0.0,225,0.276,1
52.561,-121.06949,19.7,64,7.6,0.0,225,0.248,1
63.3017,-134.663,7.9,93,12.6,6.1,225,0.276,0
48.9523,-108.9124,19.7,40,16.6,0.0,225,0.211,0
51.49402,-119.5929,21.5,37,7.6,0.0,226,0.208,1
50.71613,-120.78945,25.8,36,11.0,0.0,226,0.138,1
53.6607,-120.90325,20.7,63,11.8,0.4,226,0.319,1
51.4907,-89.8763,15.5,63,17.4,0.0,226,0.249,0
55.827,-67.8817,12.2,70,17.5,0.4,227,0.251,0
79.3477,-60.195,0.2,84,39.7,2.4,227,0.315,0
65.3608,-90.899,4.4,83,22.7,0.0,227,0.264,0
60.1895,-110.9513,13.3,92,21.6,18.0,228,0.261,0
67.5263,-110.9928,10.4,72,11.7,0.7,228,0.21,0
55.7117,-99.1071,15.6,79,17.9,0.7,229,0.643,0
57.489,-98.115,11.5,72,21.5,0.6,230,0.649,0
61.1078,-132.8524,9.7,76,13.3,1.7,231,0.22,0
72.0977,-89.3179,8.0,72,27.0,0.0,231,0.196,0
44.3214,-114.0593,13.9,53,10.9,0.2,232,0.039,0
45.9136,-87.3803,19.0,59,21.7,0.0,234,0.156,0
59.8505,-98.3428,9.7,71,19.4,0.0,236,0.246,0
53.6877,-130.0144,13.5,82,12.0,0.0,236,0.363,0
55.4126,-117.1588,14.4,66,16.5,0.0,237,0.423,0
61.6221,-94.6157,17.0,69,30.5,0.0,239,0.169,0
43.5791,-120.3592,15.5,55,27.1,0.0,239,0.022,0
60.3915,-98.3284,15.2,64,29.4,0.0,239,0.577,0
55.16918,-100.41231,14.2,75,11.5,0.8,240,0.208,1
53.55249,-113.35161,15.6,64,15.2,0.0,240,0.335,1
63.3634,-138.3856,10.2,72,11.3,0.0,240,0.334,0
61.3785,-104.3009,15.9,77,14.8,0.8,241,0.305,0
42.3216,-76.1367,21.6,85,13.9,1.1,241,0.359,0
46.1583,-86.4008,23.0,88,25.5,5.3,241,0.292,0
61.1353,-103.4587,16.4,73,11.5,0.2,241,0.325,0
54.791,-102.32613,18.3,73,20.3,0.0,243,0.227,1
68.6834,-83.8584,4.4,84,22.9,10.2,243,0.274,0
54.2368,-116.4831,9.8,82,24.2,2.6,245,0.413,0
61.9696,-107.3007,10.0,74,18.6,0.0,247,0.353,0
48.4163,-70.3406,12.9,78,17.4,4.9,248,0.233,0
73.933,-91.4426,-4.1,84,10.1,0.0,253,0.133,0
69.3869,-112.7444,1.1,94,28.6,4.5,256,0.359,0
47.8587,-69.7288,11.7,70,16.1,0.1,257,0.24,0
48.8676,-87.978,14.8,87,19.9,14.3,257,0.27,0
79.431,-52.2975,-23.6,73,27.8,0.0,258,0.322,0
48.5218,-57.9423,12.4,92,28.2,24.7,259,0.424,0
47.1258,-100.8536,14.2,37,23.9,0.0,260,0.228,0
79.5646,-55.3871,-25.0,67,37.1,0.0,261,0.321,0
63.6401,-91.6869,2.1,81,32.8,0.0,262,0.228,0
68.6338,-88.236,-2.5,81,11.2,0.0,266,0.217,0
62.1063,-80.0499,3.9,77,37.6,0.0,267,0.352,0
69.2473,-81.6769,0.2,87,22.6,0.0,268,0.2,0
47.8074,-122.7484,16.1,77,6.9,0.0,268,0.173,0
61.5681,-119.4253,6.7,88,21.5,6.6,271,0.384,0
48.8586,-56.0393,12.7,83,27.7,3.5,271,0.387,0
53.26858,-102.82735,18.1,64,29.1,0.1,272,0.21,1
56.28725,-119.83269,7.9,73,29.4,2.1,273,0.328,1
61.7379,-96.9901,7.7,85,37.2,3.9,273,0.25,0
49.9311,-118.80114,2.0,75,21.4,1.0,293,0.399,1
50.28508,-101.93967,0.2,73,16.0,0.0,295,0.275,1
43.85658,-78.91133,-3.3,69,19.8,0.0,4,0.243,1
55.58627,-121.6268,0.6,72,24.5,0.0,25,0.372,1
42.8027,-80.10754,7.7,78,14.7,0.0,76,0.47,1
47.9036,-105.1626,7.3,55,25.4,2.0,93,0.26,0
64.1129,-102.4985,-27.1,78,10.3,0.0,93,0.244,0
64.4038,-126.136,-15.1,73,9.4,0.0,95,0.271,0
71.1929,-53.7134,-12.1,93,7.8,1.3,96,0.303,0
58.0684,-109.9696,1.9,69,11.6,0.0,97,0.281,0
82.0966,-58.2459,-16.7,84,16.2,0.0,97,0.154,0
66.5502,-125.0619,-14.4,75,21.1,1.4,100,0.505,0
60.4767,-98.8791,-21.4,83,15.3,0.0,104,0.635,0
61.7896,-99.5208,-21.3,82,17.1,0.0,105,0.565,0
47.0433,-99.691,-9.9,82,21.9,0.0,106,0.215,0
45.9095,-114.7229,-1.7,61,10.8,3.2,107,0.342,0
49.9312,-64.1883,-1.0,77,24.6,4.3,109,0.401,0
50.5863,-75.177,-0.8,77,34.0,6.2,110,0.236,0
67.5308,-66.6724,-21.4,78,14.5,1.3,111,0.4,0
67.7366,-115.6258,-16.3,80,12.7,0.0,111,0.303,0
72.6994,-54.3979,-12.4,57,16.2,0.4,111,0.298,0
71.8539,-113.8365,-21.9,80,29.7,0.6,111,0.305,0
47.8097,-86.7178,0.2,84,29.3,0.0,112,0.0,0
76.638,-61.2685,-18.8,84,32.1,11.4,112,0.334,0
78.4881,-65.6984,-21.8,64,53.3,0.0,113,0.29,0
69.4325,-125.5874,-7.5,68,41.7,0.0,113,0.303,0
56.5055,-88.4039,-1.8,83,13.7,0.0,118,0.447,0
74.9407,-91.544,-14.4,84,24.9,0.0,119,0.276,0
50.4415,-57.2966,2.0,88,18.4,15.5,121,0.435,0
51.336,-69.3615,1.6,72,15.7,0.0,121,0.25,0
60.4704,-105.9554,-7.2,74,13.3,0.0,121,0.257,0
67.9634,-95.1194,-9.8,84,36.2,0.0,123,0.229,0
52.5649,-88.1594,-1.1,73,17.7,1.0,123,0.407,0
63.0964,-116.6864,4.2,75,25.3,2.1,124,0.67,0
42.80777,-80.09617,10.4,76,14.5,0.0,125,0.483,1
55.4308,-116.4158,3.5,89,29.7,7.1,127,0.495,0
66.5333,-112.648,-2.0,95,42.8,0.0,127,0.22,0
46.7913,-77.2752,8.4,45,12.4,0.0,128,0.201,0
59.2701,-75.1968,2.9,85,44.1,0.6,130,0.376,0
65.0907,-136.5049,-5.7,94,18.9,1.5,131,0.29,0
79.5257,-59.62,-20.4,68,26.1,0.0,131,0.323,0
62.414,-122.3208,8.3,53,19.8,0.1,133,0.667,0
50.8526,-124.143,-5.2,84,9.9,8.5,133,0.177,0
77.6577,-111.7934,-4.2,90,31.8,2.0,134,0.28,0
60.2346,-130.1084,1.6,75,12.1,0.5,135,0.299,0
61.6874,-97.0955,-2.0,87,30.1,0.3,137,0.255,0
47.7331,-76.7564,7.7,82,31.0,10.2,137,0.266,0
64.291,-67.5184,-7.6,89,42.9,3.7,139,0.197,0
66.1799,-126.7022,8.5,62,20.7,0.3,140,0.574,0
59.173,-115.8235,5.9,42,18.1,0.1,141,0.696,0
82.7886,-71.3063,-18.5,87,6.0,0.0,142,0.092,0
67.0568,-96.6179,-9.8,78,31.1,0.0,142,0.225,0
62.7139,-83.3598,-6.5,79,30.5,0.2,143,0.271,0
48.189,-103.4738,9.4,54,13.9,0.0,143,0.337,0
52.7888,-92.895,11.8,54,19.2,2.0,144,0.649,0
45.8646,-80.4902,12.9,63,12.9,0.0,145,0.204,0
54.3919,-107.7976,11.9,62,16.9,1.1,145,0.485,0
64.031,-71.6256,0.2,92,24.2,0.0,150,0.18,0
51.922,-99.4751,12.4,92,22.2,0.4,150,0.372,0
72.7663,-118.8214,-5.2,77,31.3,0.0,152,0.219,0
58.58488,-116.98219,15.3,52,12.1,0.5,153,0.296,1
54.1743,-104.4527,9.0,40,27.1,0.7,153,0.149,0
78.2173,-55.012,-14.8,80,44.1,1.7,154,0.303,0
49.631,-89.0369,8.9,66,19.3,2.0,154,0.224,0
53.1191,-98.2794,5.9,82,20.9,0.5,155,0.398,0
67.3844,-83.9246,0.4,92,13.7,0.0,158,0.244,0
81.8707,-67.4245,-3.6,79,8.9,0.1,158,0.039,0
78.1446,-55.2583,-11.4,83,29.3,0.8,159,0.295,0
43.1657,-99.6324,17.9,78,22.2,0.4,161,0.472,0
45.5595,-105.1443,18.8,76,21.8,4.5,164,0.344,0
55.85157,-100.30516,18.6,56,22.1,0.2,165,0.576,1
47.0677,-105.387,12.3,54,63.7,5.0,166,0.245,0
53.82156,-101.4024,17.4,56,26.7,0.0,169,0.256,1
46.9444,-114.2467,10.8,64,17.7,1.0,171,0.27,0
50.48812,-104.56374,21.6,53,24.8,0.0,174,0.345,1
46.3635,-77.6526,20.2,64,18.4,0.2,174,0.247,0
61.98193,-115.25088,19.4,40,17.6,0.6,175,0.141,1
46.1374,-70.0268,16.7,78,13.4,0.1,175,0.202,0
72.4898,-82.2895,-0.6,80,10.7,0.0,175,0.184,0
49.85525,-101.30019,17.9,60,25.3,0.3,178,0.337,1
65.16728,-118.85327,14.6,52,14.0,0.0,178,0.276,1
48.3448,-67.6746,18.5,88,19.0,12.9,178,0.427,0
62.01622,-115.06441,17.3,44,19.6,0.2,179,0.071,1
64.75903,-117.21449,12.2,56,21.5,0.0,180,0.254,1
76.9569,-64.6493,-1.3,66,56.4,0.0,180,0.303,0
57.0483,-111.61758,14.6,52,16.1,0.0,181,0.488,1
63.9228,-104.672,8.3,69,43.7,1.0,181,0.183,0
57.27023,-109.47586,14.6,50,14.0,0.0,183,0.116,1
64.75278,-117.1794,15.4,60,18.7,0.0,183,0.208,1
52.2294,-90.5197,13.1,64,29.4,2.1,183,0.248,0
61.8678,-102.8072,10.6,88,19.3,4.8,183,0.328,0
64.71184,-117.30413,15.2,57,12.8,0.0,184,0.235,1
63.62758,-132.77983,18.5,55,9.0,0.1,184,0.094,1
63.77848,-121.40918,16.5,50,17.3,0.0,185,0.477,1
60.80786,-131.70515,17.6,53,13.0,0.1,185,0.18,1
64.22953,-114.42655,16.4,40,11.2,0.0,185,0.094,1
61.34052,-129.5858,20.1,50,8.6,0.0,185,0.181,1
62.70487,-137.47856,19.8,55,11.3,1.0,185,0.236,1
69.5736,-102.8,9.7,94,16.1,0.0,185,0.269,0
61.35781,-129.66545,18.9,56,9.8,0.1,186,0.122,1
62.89434,-123.1252,20.0,48,14.6,0.0,186,0.128,1
59.05219,-111.13839,18.2,46,15.2,0.0,186,0.106,1
58.95459,-111.16566,18.4,44,15.5,0.0,186,0.061,1
64.40007,-122.79351,20.8,44,16.0,0.0,186,0.497,1
64.90773,-140.86658,20.2,62,13.8,0.0,186,0.183,1
61.90423,-132.33954,19.4,56,8.9,3.2,186,0.221,1
64.44759,-122.8363,20.7,45,16.1,0.0,186,0.457,1
52.1211,-102.6999,15.1,79,14.8,4.4,186,0.325,0
65.2571,-92.4024,11.7,50,29.9,0.0,186,0.081,0
63.68756,-121.19891,20.9,45,12.9,0.0,187,0.445,1
64.23515,-114.46423,22.1,31,12.7,0.0,187,0.092,1
62.60732,-140.88994,19.2,75,9.2,1.6,187,0.223,1
63.43758,-132.72919,16.2,63,8.7,4.0,187,0.073,1
60.49363,-126.18954,16.9,58,11.2,0.0,187,0.12,1
62.36271,-139.21643,19.8,71,11.9,4.2,187,0.326,1
62.0254,-99.3737,15.2,64,17.1,0.0,187,0.512,0
63.68338,-121.19381,22.0,47,19.6,0.1,188,0.435,1
65.10336,-119.17183,22.4,44,17.3,0.0,188,0.247,1
56.45764,-110.05969,18.6,59,14.4,0.0,188,0.52,1
59.4357,-110.72144,20.4,48,18.0,0.0,188,0.121,1
62.95181,-123.09159,23.2,45,17.4,0.0,188,0.104,1
66.03799,-134.9949,22.4,56,10.8,0.2,188,0.164,1
63.78459,-121.53346,22.8,40,21.1,0.0,189,0.089,1
63.21804,-136.52888,18.5,57,12.9,0.6,189,0.281,1
59.50806,-106.43832,19.7,54,18.4,0.0,189,0.201,1
59.43818,-102.09511,18.9,61,14.2,0.0,189,0.154,1
65.10503,-119.23812,22.9,46,19.5,0.0,189,0.236,1
64.84524,-117.46729,22.3,49,16.8,0.0,189,0.286,1
65.06673,-118.84481,24.4,39,20.1,0.0,189,0.031,1
65.14837,-118.79303,24.4,39,20.1,0.0,189,0.031,1
67.49733,-136.77635,21.4,61,6.8,0.0,191,0.088,1
68.04741,-138.2285,19.0,70,8.9,2.5,191,0.241,1
64.93471,-124.74402,18.8,73,15.6,9.6,192,0.104,1
72.5006,-109.5185,13.8,91,10.1,0.0,192,0.221,0
80.8292,-73.2054,1.1,85,41.3,0.8,193,0.401,0
57.12459,-105.81731,21.9,53,27.9,0.0,194,0.162,1
64.72089,-121.1767,18.1,51,23.1,0.0,194,0.461,1
60.5846,-76.7525,10.9,79,20.2,0.0,194,0.192,0
65.9674,-88.8048,11.9,81,21.5,1.4,197,0.068,0
56.15948,-101.90447,20.2,77,14.0,1.3,198,0.182,1
56.69503,-107.46844,18.8,76,19.4,5.5,198,0.231,1
59.08449,-110.9707,19.7,71,10.5,3.1,198,0.137,1
55.83132,-101.65202,20.7,65,10.8,0.0,199,0.511,1
59.11605,-110.88657,21.9,60,17.6,0.2,199,0.187,1
81.8687,-56.0613,4.0,96,16.9,0.0,199,0.23,0
60.7747,-73.0437,13.2,77,22.5,0.0,199,0.186,0
76.756,-56.7333,-5.5,74,30.6,0.0,199,0.393,0
55.67769,-101.53741,23.4,57,17.6,0.2,200,0.443,1
55.13281,-102.04924,23.6,59,19.1,0.2,200,0.148,1
55.72731,-101.34811,19.9,67,25.4,6.2,201,0.51,1
56.22445,-106.84245,17.2,68,25.6,3.2,201,0.157,1
56.14146,-101.75681,19.3,68,23.9,2.1,201,0.131,1
55.80425,-101.31038,20.1,65,22.9,5.1,201,0.073,1
80.7685,-82.8645,4.0,99,8.4,4.0,201,0.179,0
57.26585,-110.115,15.4,73,19.2,1.5,202,0.587,1
55.68385,-102.59788,15.3,77,26.3,4.5,202,0.18,1
60.0715,-116.7835,17.4,69,14.5,0.0,202,0.449,0
61.1233,-113.9436,19.6,56,25.6,0.0,204,0.404,0
76.479,-60.4956,-1.1,81,22.4,0.0,206,0.289,0
57.23322,-122.21557,18.0,67,9.7,0.0,207,0.315,1
60.46685,-126.06033,19.4,56,16.7,0.0,208,0.145,1
60.5596,-126.09364,19.4,56,16.7,0.0,208,0.145,1
47.3213,-76.0487,18.4,71,12.1,0.1,208,0.213,0
81.9409,-69.7539,10.2,51,15.1,0.0,208,0.029,0
58.56966,-116.26464,21.9,78,16.4,0.0,209,0.286,1
46.4144,-122.5076,24.1,65,11.9,0.0,209,0.17,0
56.7656,-90.9183,14.0,88,32.9,4.8,210,0.63,0
63.00552,-116.62865,16.3,57,9.4,0.0,214,0.507,1
59.9067,-103.3689,10.6,68,19.7,0.4,214,0.213,0
49.38733,-119.77193,17.4,41,16.5,0.0,215,0.153,1
64.0829,-133.694,11.5,77,11.7,8.4,215,0.303,0
69.2267,-103.8201,12.6,66,20.4,0.0,216,0.158,0
49.4562,-112.915,23.4,28,30.4,0.0,216,0.173,0
63.04437,-116.56683,16.0,66,10.4,0.2,217,0.441,1
50.9273,-93.4506,20.4,74,27.1,0.8,217,0.467,0
63.9206,-137.2792,11.5,78,16.3,0.4,217,0.255,0
49.30748,-115.56815,14.9,49,9.8,0.4,218,0.198,1
49.28002,-119.86102,21.5,44,8.3,0.0,220,0.19,1
63.2756,-111.3995,12.8,74,25.2,1.4,220,0.258,0
70.1416,-94.5997,13.1,61,25.8,0.0,220,0.05,0
59.1348,-135.8441,2.4,100,3.8,0.6,221,0.278,0
62.3026,-131.0377,11.2,69,15.0,2.5,222,0.26,0
63.1743,-65.1352,3.9,89,9.8,0.0,222,0.252,0
61.4957,-136.0836,13.4,76,11.1,0.0,224,0.226,0
62.99401,-116.53374,19.0,54,11.8,0.0,225,0.489,1
67.2803,-115.3233,17.5,59,14.6,0.0,226,0.24,0
51.7984,-127.8391,14.5,94,15.5,12.4,226,0.412,0
74.7171,-55.3708,0.5,61,46.5,0.0,226,0.292,0
64.04313,-113.55086,18.9,62,27.6,2.1,227,0.141,1
53.03677,-110.29057,19.3,65,16.3,0.0,227,0.208,1
50.73586,-115.6699,21.0,52,7.4,0.0,229,0.165,1
49.90936,-117.01678,20.9,43,6.6,0.0,230,0.19,1
66.39659,-127.64061,21.5,44,33.2,0.0,230,0.451,1
49.29673,-115.5451,22.4,44,8.6,0.0,230,0.204,1
63.93733,-122.06645,22.4,45,21.3,0.0,230,0.525,1
63.05459,-116.40389,19.8,55,14.2,0.0,231,0.382,1
62.90171,-122.8916,18.1,42,14.9,0.0,231,0.082,1
62.97995,-123.03494,17.7,44,14.0,0.0,231,0.065,1
62.84035,-122.73213,18.0,44,16.2,0.0,231,0.145,1
62.14399,-115.08607,18.0,70,24.9,6.8,232,0.129,1
62.9802,-116.54394,16.5,67,21.7,0.5,232,0.513,1
57.15152,-101.45914,18.8,64,15.8,0.0,233,0.171,1
62.85346,-122.73519,13.6,62,15.0,0.0,233,0.088,1
63.08163,-123.01846,14.0,60,10.0,0.0,233,0.079,1
60.26728,-111.28004,15.7,68,20.6,0.0,233,0.112,1
58.5065,-93.8632,17.8,68,40.9,0.1,233,0.431,0
47.8646,-70.0621,20.0,86,15.3,13.5,234,0.264,0
60.19632,-110.27923,14.4,54,16.3,0.0,235,0.125,1
60.8698,-112.01957,14.0,55,16.6,0.0,235,0.239,1
59.22503,-110.55228,16.2,64,14.3,0.0,235,0.204,1
60.54728,-109.53397,12.2,57,19.4,0.0,235,0.101,1
60.5631,-125.84638,17.6,58,13.8,0.0,236,0.137,1
59.88956,-118.26747,21.0,61,16.7,0.0,236,0.471,1
60.0441,-126.51565,18.3,60,10.1,0.0,236,0.13,1
72.8224,-106.0505,0.8,93,30.1,0.0,236,0.317,0
78.1079,-76.2527,0.5,84,20.9,0.1,236,0.71,0
60.31479,-126.96706,20.0,60,17.3,0.0,237,0.163,1
47.9484,-111.2582,20.0,68,25.9,1.6,237,0.166,0
60.57632,-125.84647,15.2,56,20.2,0.0,238,0.095,1
59.90104,-118.18966,20.4,63,16.4,0.0,238,0.416,1
59.20375,-111.05946,23.3,58,12.2,0.0,238,0.132,1
57.88288,-103.80682,20.8,62,14.0,0.0,239,0.219,1
60.43379,-126.04456,14.0,58,18.4,0.2,239,0.141,1
60.35983,-111.34937,18.7,71,17.9,0.1,239,0.101,1
59.5088,-110.80745,19.4,73,16.5,0.0,239,0.145,1
46.8743,-106.7679,23.6,43,25.9,0.1,239,0.048,0
46.9379,-107.7141,20.6,40,40.5,0.4,240,0.04,0
51.2817,-111.0674,16.5,56,20.6,0.0,241,0.307,0
64.7594,-138.5188,5.8,85,15.3,3.4,243,0.244,0
49.16158,-118.77826,18.9,53,15.4,0.0,247,0.179,1
55.9257,-62.3984,11.5,72,29.1,1.2,247,0.228,0
46.0936,-110.1272,22.2,27,16.5,0.0,247,0.136,0
56.29255,-106.34213,20.6,66,14.7,3.8,248,0.108,1
46.52578,-84.36687,15.5,79,9.7,0.0,248,0.32,1
42.6748,-92.2001,18.6,78,10.5,0.0,248,0.32,0
46.52447,-84.37,16.6,79,8.3,0.0,249,0.3,1
50.29299,-121.76928,12.9,49,6.6,0.0,249,0.138,1
82.1997,-64.916,-0.5,89,20.2,0.6,249,0.009,0
74.8619,-111.2136,0.2,92,24.4,0.0,249,0.255,0
66.4764,-65.5106,8.4,94,7.6,13.8,253,0.338,0
65.741,-120.8043,5.6,77,30.9,5.8,254,0.0,0
51.1381,-66.0408,18.6,80,9.7,0.1,254,0.262,0
74.6698,-81.8866,-2.3,95,24.2,1.5,254,0.766,0
48.4896,-122.0149,18.8,70,6.8,0.1,255,0.199,0
50.29234,-122.04701,11.8,79,12.4,7.0,256,0.19,1
56.02474,-122.5044,9.8,54,9.1,0.0,257,0.135,1
55.95523,-122.53149,10.9,59,12.9,0.1,258,0.188,1
64.8906,-111.4592,3.1,83,34.1,0.9,258,0.25,0
56.06706,-122.39776,8.8,78,10.7,4.2,259,0.26,1
48.2528,-95.0866,16.6,96,16.1,10.0,259,0.656,0
64.5813,-95.5064,3.2,83,24.4,0.0,259,0.237,0
49.1519,-71.8435,9.9,65,13.6,0.0,261,0.245,0
52.3881,-75.1057,8.5,72,16.0,0.0,262,0.24,0
48.32137,-123.55439,16.9,55,14.6,0.0,264,0.123,1
54.9761,-128.5293,9.7,66,6.7,0.0,264,0.336,0
58.6127,-95.3401,5.7,78,24.9,0.2,264,0.255,0
54.5663,-129.8188,10.1,64,6.9,0.0,264,0.311,0
60.37636,-118.36701,18.1,52,16.8,0.0,265,0.367,1
60.99877,-120.31565,15.0,36,22.5,0.2,266,0.192,1
68.299,-89.1043,1.6,88,34.7,12.2,267,0.237,0
45.0308,-83.9611,11.0,72,12.0,0.9,267,0.166,0
51.5877,-96.9021,7.1,75,11.6,0.0,270,0.365,0
71.7567,-120.95,-4.5,93,31.5,0.5,270,0.217,0
77.7025,-54.2327,-18.8,84,20.3,0.0,272,0.3,0
55.2069,-118.9039,14.7,72,18.7,10.4,272,0.359,0
79.32,-55.1383,-23.4,77,18.1,0.0,273,0.31,0
45.1292,-86.8754,12.8,80,13.0,0.0,273,0.245,0
60.68515,-123.62405,12.3,48,13.8,0.1,275,0.228,1
61.17205,-120.57597,13.9,41,25.8,0.0,275,0.171,1
59.89186,-110.22857,15.1,57,29.4,0.4,275,0.161,1
56.10972,-122.89082,9.3,77,12.6,0.0,276,0.247,1
60.69142,-123.58872,7.6,74,9.9,0.0,277,0.211,1
56.12231,-122.7918,9.8,77,10.9,0.0,281,0.244,1
57.45001,-123.68093,7.7,65,8.1,0.0,281,0.211,1
55.97648,-122.48809,11.7,59,24.7,0.4,283,0.206,1
52.38285,-103.80759,11.2,61,20.9,0.0,283,0.135,1
61.33099,-121.2412,16.0,35,26.2,0.1,283,0.14,1
55.96833,-122.35999,7.5,51,23.2,0.0,284,0.283,1
49.04492,-121.12987,6.9,73,4.2,0.0,285,0.244,1
51.0918,-122.24749,6.7,73,7.6,0.0,285,0.26,1
60.65398,-123.68335,7.2,71,17.4,0.1,286,0.115,1
60.11602,-124.51551,6.1,69,16.2,0.1,287,0.063,1
58.36559,-123.82588,7.5,77,13.0,0.9,287,0.279,1
55.97031,-122.46449,12.0,60,16.6,0.1,287,0.197,1
49.05678,-121.14037,13.4,66,6.6,0.0,288,0.252,1
49.6898,-125.6985,11.1,67,9.0,0.0,290,0.063,1
54.76466,-120.96606,9.4,70,17.7,0.4,292,0.146,1
51.61712,-115.535,7.7,52,16.9,0.3,293,0.116,1
51.49168,-115.59045,6.3,57,23.9,0.3,293,0.111,1
57.00482,-111.47855,7.0,46,20.0,0.0,301,0.414,1
46.04714,-73.14169,8.5,75,13.0,0.0,306,0.245,1
56.66261,-117.31606,-1.5,54,12.8,0.0,324,0.323,1
56.21157,-120.38726,1.2,73,19.7,0.0,325,0.189,1
54.50443,-119.68885,-3.8,69,20.6,0.0,342,0.302,1
49.6564,-88.2479,-2.6,68,16.5,0.0,92,0.197,0
50.7703,-118.7432,-4.8,77,4.8,1.7,93,0.229,0
48.1176,-100.5736,-3.7,87,34.9,2.8,93,0.261,0
53.6346,-90.7758,-13.7,63,10.8,0.0,94,0.318,0
50.07,-108.0163,-8.7,86,10.7,0.6,94,0.399,0
55.1932,-97.4128,-8.7,58,14.3,0.0,95,0.556,0
59.2466,-119.2454,2.2,70,16.1,0.0,99,0.646,0
45.7045,-80.1564,5.5,66,17.6,0.0,100,0.264,0
44.7728,-80.9021,10.5,54,29.0,0.0,101,0.364,0
55.119,-120.4486,-0.4,66,17.4,0.1,101,0.39,0
47.0546,-78.0967,4.6,67,16.4,0.1,102,0.328,0
76.3925,-86.3015,-21.6,69,6.6,0.0,102,0.114,0
50.1175,-108.7692,4.3,67,31.2,0.0,102,0.4,0
49.5863,-96.7449,6.8,67,22.2,0.0,103,0.374,0
69.1501,-123.6612,-17.0,84,15.5,1.1,103,0.355,0
81.6138,-55.7423,-17.5,80,6.9,0.0,105,0.076,0
71.8088,-52.2674,-8.6,40,5.6,0.0,105,0.68,0
56.902,-129.5768,-2.5,76,8.7,2.1,106,0.186,0
73.4799,-87.0458,-19.5,79,26.9,0.0,107,0.198,0
71.6778,-80.5307,-17.9,76,14.0,0.0,107,0.214,0
63.3301,-128.2705,-8.2,94,8.7,1.5,107,0.229,0
76.5185,-100.5257,-22.1,86,12.0,0.0,107,0.237,0
82.1565,-78.7685,-24.8,70,2.3,0.0,108,0.402,0
68.0948,-70.4599,-13.4,68,19.3,0.0,109,0.281,0
50.6495,-111.6027,0.2,60,14.3,0.0,112,0.304,0
63.1995,-94.9885,-5.6,89,20.9,0.0,114,0.226,0
54.8868,-69.1345,1.2,80,13.1,0.0,115,0.319,0
56.3427,-118.3556,3.8,72,30.3,1.1,115,0.354,0
80.15,-74.7864,-18.3,79,8.4,0.5,115,0.401,0
47.9586,-96.3185,4.0,55,24.0,1.5,116,0.364,0
71.5411,-99.0009,-8.8,90,32.1,0.0,117,0.324,0
76.146,-120.0102,-14.0,88,27.3,2.0,119,0.084,0
65.0624,-110.6468,-1.6,90,28.8,0.1,119,0.239,0
56.2351,-130.7535,4.9,87,4.7,0.1,121,0.317,0
47.038,-71.6887,7.0,94,36.4,30.9,121,0.316,0
50.6619,-72.4287,3.3,81,31.3,0.1,122,0.341,0
56.688,-88.9823,-0.3,91,26.6,0.7,123,0.507,0
52.81641,-115.88102,17.1,34,22.5,0.0,125,0.458,1
54.94109,-115.73129,17.3,34,25.2,0.0,125,0.307,1
53.23574,-115.82272,18.0,33,23.9,0.0,125,0.531,1
55.04661,-115.14908,16.8,32,25.2,0.0,125,0.254,1
54.9543,-131.9776,8.2,75,11.1,0.9,125,0.209,0
54.6764,-62.008,-0.5,89,15.3,0.0,125,0.337,0
53.00875,-115.90522,11.6,45,24.2,1.3,126,0.492,1
54.44627,-116.44549,12.2,41,29.3,0.0,126,0.228,1
63.1564,-95.7881,2.6,91,23.1,0.0,127,0.195,0
68.9808,-83.2244,-4.7,94,13.0,0.0,129,0.201,0
63.0688,-131.6838,1.2,60,14.8,0.3,129,0.324,0
54.74124,-119.00761,13.5,56,11.9,0.0,132,0.309,1
64.8146,-110.2857,10.3,68,29.4,0.0,132,0.244,0
58.46647,-119.30659,19.4,44,20.3,0.0,134,0.326,1
56.53507,-121.20578,19.7,39,16.3,0.0,134,0.297,1
57.66452,-121.35751,19.1,49,22.2,0.0,135,0.199,1
57.7184,-121.45303,18.9,50,22.4,0.0,135,0.211,1
55.82737,-108.19651,22.1,30,16.6,0.0,135,0.05,1
56.15662,-105.58501,20.9,37,17.9,0.0,135,0.118,1
55.78426,-108.20564,23.1,28,15.0,0.0,135,0.057,1
57.6016,-115.966,20.9,42,13.6,0.0,135,0.209,0
56.41799,-106.56015,16.0,44,25.6,4.7,136,0.099,1
55.01592,-115.6407,14.7,50,16.1,0.0,136,0.252,1
59.0249,-125.1836,11.0,52,11.6,0.0,136,0.228,0
56.4543,-90.9402,-0.3,76,19.9,0.0,136,0.625,0
64.8021,-139.9835,2.7,62,10.1,0.1,137,0.343,0
61.83147,-124.12407,17.6,47,12.5,0.0,138,0.175,1
57.48425,-121.56747,16.0,39,18.4,0.0,138,0.237,1
63.1534,-124.11,16.2,49,17.8,0.0,138,0.297,0
44.5153,-94.7035,18.7,61,24.2,3.5,138,0.327,0
51.2332,-82.1261,7.8,79,14.1,2.7,139,0.666,0
67.649,-100.0695,-7.0,63,31.0,0.6,140,0.255,0
57.7724,-64.0485,-4.6,86,39.5,2.4,140,0.257,0
76.5595,-66.1914,-10.4,87,27.3,0.0,141,0.268,0
43.6065,-108.344,19.9,37,15.5,0.0,141,0.048,0
55.12786,-106.15733,17.1,50,13.6,0.0,142,0.395,1
47.8596,-112.1694,18.2,51,24.7,1.9,142,0.217,0
71.7563,-76.0812,-17.2,86,3.3,0.0,142,0.564,0
45.0882,-93.1488,18.1,65,20.2,0.0,144,0.249,0
52.1116,-58.5025,2.4,77,19.4,5.0,146,0.261,0
42.2928,-111.4711,10.7,71,12.9,2.3,146,0.41,0
58.43074,-119.7211,19.2,43,18.4,0.0,147,0.433,1
60.24292,-118.68814,18.8,37,22.3,0.0,147,0.43,1
60.42234,-118.96709,19.5,34,20.9,0.0,147,0.352,1
70.467,-74.2464,-12.4,91,44.1,4.5,147,0.229,0
58.2747,-74.1781,2.8,86,20.4,4.1,147,0.403,0
57.6961,-110.49145,19.2,43,25.6,0.0,149,0.074,1
79.1207,-88.2968,-11.3,87,11.9,2.7,149,0.432,0
56.53057,-106.79736,19.4,40,12.7,0.0,150,0.102,1
43.86559,-79.50182,19.9,47,13.8,0.0,150,0.097,1
59.40661,-112.39173,17.3,45,18.9,0.0,151,0.128,1
47.8902,-102.9535,20.1,63,22.4,4.4,151,0.293,0
59.9192,-120.91025,10.7,53,19.7,2.0,152,0.437,1
56.9623,-110.4433,17.7,65,14.8,10.9,152,0.517,0
58.777,-68.3982,-0.3,78,28.7,0.0,152,0.23,0
58.51402,-113.85754,19.2,50,15.8,0.0,154,0.096,1
52.79409,-73.6478,12.2,41,13.5,0.0,154,0.142,1
58.0207,-116.4786,19.4,40,16.3,0.1,154,0.097,0
57.5438,-70.1143,10.3,57,11.3,0.0,154,0.14,0
60.7832,-72.3293,8.2,66,24.3,0.0,154,0.397,0
77.15,-67.3598,-4.1,74,5.3,0.0,154,0.186,0
74.4935,-113.2311,-4.4,87,32.8,0.0,157,0.213,0
58.7571,-74.2323,13.2,59,21.4,0.0,159,0.257,0
55.5357,-105.0404,16.0,56,16.4,0.0,160,0.221,0
44.4793,-108.4448,17.4,70,19.0,7.9,161,0.105,0
47.9764,-123.4033,10.7,93,7.3,13.7,161,0.34,0
60.02885,-120.0014,18.5,45,23.4,1.8,162,0.475,1
56.3699,-107.97789,19.7,58,17.1,0.0,163,0.196,1
58.19832,-118.42854,15.3,56,17.9,0.0,163,0.228,1
67.5468,-118.2396,5.7,58,23.8,0.0,163,0.201,0
69.6606,-129.3282,12.9,43,27.9,0.0,163,0.069,0
52.52149,-70.36134,18.3,50,18.9,0.0,164,0.268,1
74.5469,-82.6091,0.7,74,16.5,0.0,164,0.217,0
56.31103,-105.96639,15.0,62,24.2,0.0,165,0.141,1
59.12028,-120.29721,15.4,52,15.5,0.3,165,0.372,1
63.3484,-106.7664,6.7,78,23.4,1.0,165,0.207,0
53.15983,-88.40458,9.5,59,15.6,0.0,166,0.314,1
57.3216,-109.0304,12.0,89,22.4,14.1,166,0.306,0
63.7583,-65.6879,-3.9,83,16.7,0.2,166,0.214,0
52.96096,-75.75377,14.9,63,14.1,0.0,168,0.173,1
53.38129,-76.14558,13.7,64,14.6,0.0,168,0.119,1
51.3123,-119.8365,11.0,76,9.5,4.4,168,0.338,0
67.1373,-97.5046,4.5,74,36.9,0.7,169,0.271,0
53.23698,-75.5305,19.2,65,8.7,0.2,170,0.191,1
53.0113,-59.9852,9.3,57,14.7,0.0,170,0.243,0
63.5496,-93.1719,8.0,66,33.9,0.0,170,0.184,0
62.2781,-68.3448,11.5,78,28.9,10.9,171,0.201,0
48.9453,-77.06114,23.0,54,14.4,0.0,172,0.128,1
50.94917,-87.24965,23.3,43,19.8,0.0,172,0.249,1
52.93802,-75.02545,24.0,45,24.8,0.0,173,0.167,1
49.62642,-76.97367,25.6,41,15.1,0.0,173,0.088,1
51.12712,-66.15784,23.0,52,19.6,0.0,173,0.216,1
50.77457,-76.15475,24.8,47,19.8,0.0,173,0.135,1
61.6624,-139.8083,16.6,70,8.7,0.5,173,0.291,0
53.41558,-74.74831,22.7,63,21.2,1.9,174,0.062,1
51.02331,-87.14952,22.0,61,13.6,0.1,174,0.277,1
52.62946,-73.90455,23.5,56,27.0,0.5,174,0.166,1
80.6912,-61.4444,-2.2,88,8.0,2.3,174,0.391,0
53.195,-88.25642,17.8,53,12.5,0.0,175,0.292,1
46.3216,-67.031,20.5,82,14.9,5.8,175,0.303,0
52.67865,-75.39606,14.8,64,14.5,0.0,176,0.209,1
50.16835,-78.24535,16.3,66,15.8,0.0,176,0.516,1
53.01477,-74.25527,14.5,65,16.2,0.0,176,0.207,1
53.3344,-74.44503,14.9,62,15.9,0.1,176,0.103,1
52.63697,-75.3202,14.8,64,14.5,0.0,176,0.209,1
52.58469,-70.09522,14.5,66,13.5,0.6,176,0.073,1
75.1558,-82.1956,-5.3,86,26.9,0.4,176,0.402,0
77.5021,-54.2062,-4.0,84,32.4,0.0,177,0.329,0
55.47908,-101.45831,16.0,74,14.5,32.0,178,0.619,1
59.14688,-110.69392,23.6,61,12.6,0.0,180,0.155,1
53.97639,-74.75552,18.3,53,13.2,0.0,180,0.076,1
64.2331,-92.9608,13.3,63,18.6,0.0,180,0.135,0
46.7649,-98.9479,21.5,68,23.5,0.1,180,0.361,0
46.5937,-99.8266,20.9,67,21.4,0.0,180,0.354,0
60.7509,-70.9411,12.2,65,29.0,0.0,181,0.225,0
64.1958,-70.8589,6.6,80,31.3,1.8,181,0.285,0
65.489,-109.9717,14.6,59,26.1,0.0,182,0.199,0
53.96231,-74.68443,19.7,81,10.8,3.6,183,0.067,1
82.0418,-63.0074,9.0,68,23.3,0.0,183,0.067,0
49.6856,-107.685,17.5,39,26.8,0.1,184,0.173,0
65.3104,-73.1356,5.4,83,20.8,1.6,185,0.263,0
56.31899,-68.92026,25.6,48,20.6,0.0,186,0.094,1
52.94047,-76.16769,24.3,68,14.8,10.5,186,0.2,1
50.5566,-101.7327,13.1,64,17.5,0.0,186,0.283,0
60.0641,-125.793,16.9,51,14.8,0.1,186,0.191,0
56.97029,-62.02187,17.7,59,21.9,0.0,187,0.179,1
67.3495,-121.5139,17.1,57,22.7,0.0,187,0.111,0
47.3909,-78.9013,20.7,90,11.1,12.4,187,0.186,0
51.623,-110.2098,19.5,51,14.6,0.1,188,0.168,0
53.37961,-76.01257,20.0,67,35.8,0.4,191,0.234,1
51.92586,-77.79776,19.4,62,33.3,6.0,191,0.621,1
59.4841,-112.1523,17.1,54,11.0,0.0,192,0.418,1
54.20981,-125.49299,17.0,57,15.5,0.4,192,0.223,1
59.07639,-114.27304,19.2,50,17.8,0.0,193,0.457,1
54.01799,-126.28839,16.2,50,15.2,0.0,193,0.206,1
59.45275,-112.57943,21.1,45,21.8,0.0,194,0.368,1
53.1086,-77.04007,17.4,62,21.6,0.0,194,0.173,1
59.66266,-113.77695,20.9,49,22.5,0.2,194,0.156,1
62.0068,-102.7247,11.5,81,36.2,10.1,194,0.348,0
45.9311,-74.9005,19.0,89,25.3,17.0,194,0.391,0
51.25124,-78.36884,19.5,72,21.6,0.1,195,0.518,1
71.0493,-86.5348,6.4,86,23.0,1.3,195,0.0,0
78.4085,-84.2283,9.9,56,7.7,0.0,195,0.418,0
53.10183,-76.85716,20.9,67,18.3,3.0,196,0.172,1
58.11206,-114.14968,18.4,65,13.5,0.0,197,0.21,1
60.83733,-111.61404,21.1,49,17.7,0.0,198,0.098,1
59.80619,-113.83471,20.0,51,13.2,0.0,204,0.265,1
56.5602,-112.7554,18.5,78,9.9,6.0,204,0.565,0
63.2694,-126.9126,14.1,74,12.2,7.6,204,0.24,0
59.17421,-110.5432,21.0,60,10.7,0.0,205,0.103,1
61.44479,-110.66202,19.3,52,21.2,0.0,207,0.203,1
61.23618,-110.47339,19.2,51,20.9,0.0,207,0.185,1
56.1452,-119.5927,15.2,80,21.1,4.6,207,0.448,0
65.7331,-113.0253,14.9,60,26.3,0.0,207,0.154,0
62.9559,-110.3844,18.5,56,33.9,0.0,207,0.138,0
60.61591,-112.69287,19.9,50,14.2,0.0,208,0.313,1
61.33735,-111.54292,19.1,53,18.2,0.0,208,0.108,1
64.73903,-115.93317,20.6,57,13.8,0.0,209,0.142,1
53.937,-100.2302,14.5,70,18.4,0.0,209,0.235,0
50.2374,-84.9314,16.4,63,20.0,0.1,210,0.187,0
51.0359,-119.71535,23.5,42,15.9,0.0,211,0.164,1
67.0742,-96.731,16.4,61,16.6,0.0,211,0.05,0
60.30172,-111.69704,21.8,55,12.0,0.0,212,0.166,1
79.832,-84.9534,6.4,68,18.9,0.0,212,0.05,0
73.5009,-83.024,7.9,91,14.6,0.0,212,0.122,0
66.91724,-128.69354,22.0,55,10.9,0.0,213,0.22,1
64.67499,-125.45891,20.1,61,8.0,0.0,214,0.328,1
49.03222,-119.62429,17.9,50,13.2,0.0,215,0.201,1
64.88847,-119.80204,18.4,62,12.1,0.1,215,0.363,1
50.9225,-102.8331,20.3,56,22.1,0.0,217,0.152,0
66.19344,-130.62643,20.9,61,9.8,0.0,218,0.405,1
63.79097,-136.64034,19.1,52,14.2,0.0,218,0.081,1
66.26809,-139.01324,20.5,54,13.3,0.0,218,0.055,1
63.6131,-116.02317,16.8,67,11.5,0.6,218,0.153,1
50.75639,-117.139,16.6,69,7.8,1.6,218,0.166,1
52.9567,-58.4502,14.7,83,11.5,7.0,218,0.675,0
64.9458,-135.92657,22.4,39,12.8,0.0,219,0.046,1
53.39729,-77.47522,20.3,68,12.6,0.2,220,0.165,1
65.65073,-135.93034,22.1,64,12.0,0.0,220,0.107,1
67.78688,-129.98692,21.6,59,14.8,0.0,220,0.129,1
64.46532,-115.26958,16.0,64,24.4,0.0,220,0.19,1
54.89,-93.4873,15.0,85,15.9,14.3,220,0.408,0
62.7046,-132.0898,17.2,67,11.7,1.0,220,0.167,0
69.9997,-79.225,9.5,57,18.1,0.0,220,0.03,0
56.5041,-91.4918,12.2,92,17.7,21.8,220,0.724,0
64.87748,-125.11396,22.6,50,20.0,0.0,221,0.145,1
64.15128,-121.59068,19.6,56,21.5,0.0,221,0.394,1
62.85695,-115.61533,17.8,62,18.5,0.0,221,0.285,1
61.45616,-111.60407,17.5,60,14.3,0.0,222,0.206,1
61.52613,-110.76548,17.0,59,13.4,0.3,222,0.132,1
64.49981,-107.28378,16.9,63,13.0,0.2,222,0.058,1
66.9891,-99.5707,18.0,59,18.3,0.0,222,0.079,0
57.8617,-112.613,11.6,91,16.4,3.9,222,0.634,0
52.3249,-91.0165,14.2,69,13.6,0.0,223,0.239,0
62.16566,-113.24024,19.4,68,24.3,1.8,225,0.285,1
64.0494,-100.8194,18.1,68,41.1,0.4,225,0.064,0
57.3549,-127.2289,11.8,81,22.4,0.8,225,0.378,0
51.6666,-95.6944,18.1,76,18.4,0.2,226,0.554,0
62.59261,-115.03744,15.7,58,23.4,0.0,227,0.146,1
52.23664,-77.83963,16.9,77,12.0,0.2,227,0.622,1
47.7074,-121.1174,24.8,41,16.6,0.0,227,0.182,0
55.2299,-129.9557,13.2,95,14.7,15.5,227,0.423,0
55.0657,-103.2313,18.0,65,15.8,0.3,227,0.247,0
62.75957,-114.89811,15.6,58,21.8,0.0,228,0.114,1
50.41267,-120.44395,23.0,34,14.3,0.0,228,0.187,1
44.4575,-122.1241,25.8,42,10.1,0.0,228,0.164,0
69.2418,-97.7888,8.6,82,35.3,5.7,228,0.369,0
60.22791,-118.23445,16.6,59,15.7,8.3,229,0.469,1
54.7365,-87.1195,12.7,84,33.2,30.8,229,0.601,0
49.987,-121.59918,17.4,62,10.4,0.3,230,0.207,1
50.0898,-121.51891,16.0,37,13.8,0.0,233,0.163,1
60.44488,-119.7356,20.1,54,18.2,0.3,238,0.458,1
42.7363,-108.6771,18.7,58,10.2,0.0,238,0.161,0
60.71943,-112.02811,15.0,78,16.6,0.6,239,0.138,1
59.1319,-120.56786,24.1,44,15.0,0.0,240,0.454,1
60.74106,-112.04837,21.2,67,12.5,0.0,241,0.235,1
59.45419,-120.78731,22.9,49,14.3,0.0,241,0.508,1
58.51728,-120.21447,23.0,58,11.0,0.0,241,0.426,1
58.56337,-120.90772,23.4,56,8.4,0.0,241,0.365,1
56.16251,-108.07144,21.8,74,12.8,0.0,242,0.239,1
59.48006,-114.36024,21.0,62,14.4,0.0,242,0.44,1
45.9332,-115.2667,15.1,81,15.9,20.0,242,0.294,0
61.7591,-74.0716,5.1,83,17.1,2.6,243,0.336,0
60.45319,-120.16389,16.2,57,35.0,0.2,244,0.519,1
65.9205,-109.4983,6.1,94,31.8,22.7,244,0.284,0
56.7798,-118.962,15.7,57,22.2,0.0,244,0.317,0
53.4931,-124.18235,15.5,49,15.3,0.0,245,0.286,1
59.08595,-120.55818,15.8,43,26.6,0.0,245,0.438,1
60.70872,-120.56715,14.4,65,24.1,1.8,245,0.475,1
59.67641,-111.5388,14.1,71,19.0,3.2,246,0.139,1
74.2424,-122.2001,-1.7,95,24.7,1.0,246,0.203,0
77.9183,-54.8475,-17.8,81,31.9,0.0,247,0.328,0
45.9752,-89.5771,25.0,66,22.3,0.0,248,0.152,0
59.06374,-120.75026,13.7,50,12.4,0.0,252,0.491,1
60.16053,-112.80112,16.8,58,15.2,0.0,254,0.152,1
58.33694,-119.86686,16.9,45,16.1,0.0,255,0.419,1
56.528,-103.34291,14.0,65,16.6,0.0,255,0.178,1
58.18095,-119.71858,16.7,44,18.0,0.0,255,0.45,1
54.5948,-85.8296,10.3,67,17.6,0.0,255,0.618,0
53.64109,-125.26443,10.3,66,17.5,0.1,256,0.213,1
49.3203,-110.3372,17.9,51,25.9,0.1,256,0.236,0
53.66899,-125.24996,8.7,63,12.8,0.0,257,0.21,1
46.9194,-113.8163,12.9,38,9.4,0.0,258,0.24,0
58.72274,-121.58942,14.7,52,28.5,0.0,259,0.371,1
74.5845,-112.9701,1.2,94,39.1,8.0,259,0.357,0
58.21667,-118.05403,14.5,51,16.9,0.0,260,0.223,1
66.3586,-70.6762,1.6,78,27.6,0.1,260,0.239,0
58.40408,-118.34483,15.4,47,18.4,0.0,261,0.244,1
53.962,-64.8636,8.2,81,29.2,0.2,261,0.256,0
55.7134,-122.6527,4.8,80,27.0,0.5,261,0.194,0
73.5094,-54.4386,-10.1,60,33.4,0.0,261,0.316,0
60.67444,-112.0136,11.1,76,16.1,0.1,263,0.203,1
59.24866,-120.27469,9.5,72,11.8,0.0,263,0.42,1
58.41188,-118.29346,14.6,51,17.4,0.0,264,0.244,1
61.0627,-112.14083,14.5,64,14.2,0.0,265,0.255,1
60.82392,-119.52299,15.5,56,18.5,0.0,266,0.458,1
58.62754,-121.05409,16.4,43,21.3,0.0,266,0.396,1
58.07972,-119.81196,15.4,48,18.6,0.0,266,0.438,1
58.58313,-118.31287,16.2,50,17.3,0.0,266,0.345,1
58.41615,-117.93912,16.0,48,18.2,0.0,266,0.212,1
60.0057,-116.00751,17.6,48,19.4,0.0,266,0.467,1
59.56142,-121.86921,14.3,45,19.3,0.0,266,0.412,1
59.06276,-120.78967,14.8,44,23.2,0.0,266,0.403,1
58.16965,-113.50092,18.0,60,16.2,0.5,267,0.42,1
45.9173,-103.6138,14.3,81,25.0,0.7,267,0.357,0
48.2689,-79.5796,13.1,71,13.8,0.0,269,0.249,0
76.8434,-82.6241,-8.1,86,14.8,4.1,269,0.16,0
66.9143,-113.2443,0.7,85,31.8,0.0,269,0.28,0
66.1517,-122.7628,4.0,87,11.6,0.1,271,0.244,0
55.65852,-116.47956,-0.3,65,29.9,0.3,312,0.308,1
49.13696,-116.429,-5.8,72,7.8,0.0,45,0.364,1
68.8185,-121.1233,-17.1,76,21.8,0.0,92,0.312,0
48.7709,-85.9122,2.2,58,12.9,0.0,97,0.271,0
64.32,-131.4059,-10.3,88,10.8,2.0,98,0.178,0
53.4035,-78.276,4.0,85,16.4,0.4,102,0.758,0
75.376,-83.8789,-17.4,87,7.6,0.0,107,0.403,0
71.751,-117.64,-6.7,91,30.2,0.6,109,0.183,0
57.7021,-101.9773,-4.8,72,32.4,0.0,111,0.0,0
47.7215,-78.6775,3.1,65,23.8,0.7,111,0.403,0
58.81925,-113.22835,6.1,51,16.7,0.0,114,0.163,1
52.5537,-98.6582,-0.9,61,26.0,0.0,114,0.452,0
59.9893,-74.8893,-14.2,80,33.9,0.7,114,0.315,0
56.9442,-90.2751,-9.3,74,20.2,0.0,115,0.653,0
68.2275,-83.005,-20.3,72,26.7,0.0,116,0.237,0
64.2213,-137.1938,-3.3,87,7.4,0.0,117,0.287,0
57.3665,-107.0087,2.0,66,27.0,0.1,117,0.189,0
68.1473,-135.7201,-13.4,78,7.1,0.0,118,0.238,0
73.5927,-91.7654,-19.4,77,22.3,0.3,120,0.211,0
74.9964,-108.4574,-14.7,81,22.0,0.0,122,0.0,0
49.9964,-115.8973,-2.3,74,8.0,2.0,122,0.394,0
52.0318,-79.3213,3.4,86,18.1,0.0,129,0.69,0
45.5697,-74.916,11.2,68,11.2,0.0,130,0.267,0
63.6156,-112.8574,4.5,70,21.3,0.0,130,0.423,0
59.78857,-121.59566,15.2,36,35.8,0.1,131,0.452,1
51.7098,-74.9187,8.0,54,12.2,0.0,131,0.216,0
58.50089,-121.43837,12.2,37,12.9,0.0,133,0.358,1
75.3753,-55.7615,-9.3,85,30.9,8.3,133,0.28,0
56.57871,-111.77982,14.0,52,17.7,0.0,135,0.484,1
78.0875,-86.0746,-12.2,84,16.2,0.2,135,0.228,0
59.24272,-121.22751,7.9,63,13.8,0.2,139,0.526,1
54.8824,-107.5265,6.6,99,20.8,13.0,139,0.691,0
44.8048,-92.523,17.0,51,18.8,0.0,140,0.285,0
65.7247,-119.7938,9.7,66,28.0,0.1,141,0.53,0
45.8184,-75.5315,20.5,69,11.6,0.0,141,0.347,0
56.7854,-69.3717,1.3,79,12.7,0.0,143,0.415,0
49.5139,-78.5167,12.9,71,30.5,1.5,144,0.23,0
63.3134,-102.2759,3.8,80,18.7,0.0,146,0.312,0
51.6537,-72.0224,8.8,66,10.5,0.0,147,0.27,0
58.4236,-121.32858,13.9,38,16.9,0.0,150,0.457,1
70.0908,-103.3544,-2.7,87,24.8,0.0,150,0.359,0
59.9678,-106.7449,6.8,85,23.9,18.2,152,0.279,0
49.9115,-68.6088,8.8,65,20.0,0.0,152,0.263,0
70.4046,-80.8891,-2.4,76,18.9,0.0,153,0.204,0
59.20747,-122.59705,15.2,40,17.2,0.0,154,0.422,1
42.3455,-99.9397,20.8,71,22.1,0.1,155,0.169,0
65.6863,-105.984,1.5,72,23.7,0.0,155,0.173,0
44.5804,-86.1365,22.0,74,19.8,2.9,156,0.189,0
73.7607,-90.8188,-2.0,93,13.4,0.0,156,0.209,0
50.2822,-102.8352,12.8,66,47.6,0.6,157,0.316,0
57.524,-107.962,5.9,93,23.4,8.2,157,0.212,0
47.691,-73.7246,20.4,72,21.1,3.9,158,0.195,0
65.1798,-107.9038,4.9,68,20.8,0.0,158,0.142,0
72.6756,-97.1947,0.4,86,27.4,0.3,159,0.319,0
60.6577,-129.3903,9.6,69,11.0,1.6,160,0.253,0
53.2696,-108.997,8.9,75,14.1,1.2,161,0.31,0
50.5211,-68.1145,13.4,67,13.6,0.1,161,0.204,0
67.3301,-84.4166,-1.1,82,11.8,0.0,163,0.312,0
49.7042,-85.8885,13.3,60,18.9,0.0,163,0.22,0
53.94895,-66.92979,17.8,66,33.9,1.7,165,0.216,1
79.6279,-58.8223,-8.3,72,24.1,0.0,165,0.316,0
58.6882,-70.2427,14.7,71,20.0,3.4,165,0.348,0
46.2877,-119.5354,22.1,24,17.1,0.0,166,0.145,0
52.201,-93.0834,17.2,68,18.3,0.3,167,0.439,0
72.5045,-53.8013,7.3,79,5.8,5.5,167,0.735,0
70.8247,-107.8536,3.3,79,22.4,0.1,168,0.402,0
61.9813,-104.4833,5.3,86,22.6,8.6,168,0.303,0
60.7753,-70.1254,7.8,75,42.9,8.8,170,0.309,0
46.52431,-84.38032,23.1,77,23.6,1.8,171,0.312,1
79.4324,-56.0491,-2.5,89,22.0,0.0,171,0.32,0
82.2846,-62.7369,-0.8,98,24.3,0.0,173,0.291,0
44.8716,-94.8442,20.1,80,17.9,0.1,175,0.403,0
70.1341,-112.9551,6.1,75,25.0,0.0,176,0.246,0
56.3736,-72.6132,9.1,68,23.1,0.9,176,0.134,0
52.26719,-66.92329,16.9,52,30.2,0.0,177,0.1,1
57.6858,-71.9977,7.7,73,33.9,0.2,177,0.294,0
51.7106,-116.5731,2.5,93,10.2,4.6,179,0.312,0
61.0798,-117.5745,16.8,46,18.4,0.0,179,0.09,0
65.73381,-136.48604,19.7,41,10.2,0.0,180,0.086,1
55.3667,-103.1763,12.7,55,22.1,0.0,180,0.242,0
58.9772,-70.2304,10.9,73,26.7,0.7,181,0.33,0
56.69785,-93.71127,19.9,44,20.9,0.0,182,0.489,1
62.53706,-123.32647,22.6,68,7.1,0.0,183,0.128,1
50.978,-93.545,15.7,69,21.6,2.2,183,0.457,0
61.1713,-135.8032,9.6,73,15.3,2.0,184,0.132,0
59.71357,-121.44504,17.5,76,11.6,3.1,185,0.475,1
42.7438,-88.1242,24.7,68,27.7,8.4,185,0.451,0
62.7847,-112.7537,15.6,52,23.5,3.0,185,0.156,0
58.94308,-121.11269,20.2,43,23.3,0.0,187,0.481,1
44.6956,-89.2328,18.3,87,13.7,27.3,187,0.42,0
55.3334,-109.2276,20.5,60,16.2,0.0,187,0.263,0
63.736,-94.1789,13.6,63,22.2,1.6,187,0.046,0
58.2481,-125.6751,11.4,63,15.8,0.0,187,0.2,0
59.64094,-121.15096,19.4,47,23.2,0.0,188,0.436,1
58.36511,-121.3915,24.1,48,12.9,0.0,191,0.431,1
59.11927,-121.333,23.2,47,16.2,0.0,191,0.447,1
58.98726,-121.43517,23.4,43,14.8,0.0,191,0.409,1
59.37395,-123.05128,24.2,43,14.5,0.0,191,0.406,1
50.52047,-104.63105,23.1,74,17.6,0.0,192,0.268,1
59.64782,-118.43335,23.5,51,15.8,0.0,192,0.497,1
50.9154,-112.0868,26.0,48,16.8,0.2,192,0.211,0
62.2021,-137.5764,10.9,76,15.4,0.6,193,0.101,0
64.9176,-118.98917,14.8,60,12.9,0.0,194,0.396,1
59.9993,-126.2341,13.2,68,18.1,0.0,194,0.223,0
70.8184,-94.2832,3.9,91,29.8,0.0,194,0.223,0
58.79076,-114.38319,16.5,57,15.8,0.1,196,0.228,1
59.86801,-118.81066,19.0,53,20.0,0.0,196,0.544,1
44.9607,-101.1183,25.7,64,19.7,0.0,196,0.215,0
56.40804,-108.40926,17.3,67,10.6,0.0,197,0.208,1
58.75468,-114.75241,21.6,61,12.1,3.5,198,0.426,1
58.7564,-110.0431,21.9,56,12.5,0.0,198,0.177,0
69.2482,-67.0945,12.6,71,28.3,0.0,198,0.105,0
57.09526,-113.98322,23.2,56,12.9,0.0,199,0.288,1
62.46195,-123.36326,24.3,63,15.1,0.0,199,0.081,1
55.32754,-109.63503,21.3,76,17.1,2.0,199,0.275,1
56.57269,-107.92418,23.0,60,15.0,0.0,199,0.202,1
69.6457,-69.8013,4.4,76,9.2,0.1,199,0.76,0
61.71006,-108.72315,23.7,51,15.2,0.0,200,0.087,1
60.59425,-119.86552,25.5,41,20.5,0.0,200,0.451,1
55.46079,-109.14956,26.3,47,16.5,0.0,200,0.187,1
55.18665,-106.9001,25.4,58,13.1,0.0,200,0.516,1
59.31892,-122.45277,25.6,36,14.2,0.0,200,0.318,1
58.75644,-114.13982,26.5,44,14.7,0.0,201,0.2,1
57.38945,-98.65308,20.7,74,16.8,1.0,201,0.53,1
58.58653,-121.09278,24.7,47,15.8,0.0,201,0.339,1
61.56683,-109.92892,23.5,62,19.5,0.0,201,0.095,1
50.4908,-60.8344,20.5,75,20.2,0.7,201,0.222,0
58.68985,-114.89458,21.3,60,12.6,1.2,202,0.425,1
60.407,-117.38779,19.8,74,16.6,24.7,202,0.541,1
56.28674,-107.50948,25.1,57,12.6,0.0,202,0.146,1
64.91967,-119.42435,20.3,50,20.9,0.0,202,0.307,1
58.72453,-115.13676,22.5,55,15.0,1.0,202,0.388,1
49.93317,-117.4311,23.9,39,5.8,0.0,202,0.238,1
58.68555,-115.14069,23.1,55,15.0,1.0,202,0.388,1
47.307,-92.0353,20.3,78,8.7,8.8,202,0.285,0
50.47,-121.45428,24.0,34,15.4,0.0,203,0.17,1
59.14582,-122.4204,24.3,63,10.9,0.0,203,0.345,1
58.16133,-125.52435,20.6,63,11.7,0.1,203,0.217,1
59.02615,-114.70717,20.8,74,10.1,5.0,203,0.457,1
53.6546,-99.2066,22.6,83,18.0,11.2,203,0.359,0
70.4376,-74.052,7.3,85,20.7,0.0,203,0.159,0
59.21679,-110.20736,20.6,70,14.6,0.0,204,0.193,1
55.60393,-110.18465,20.7,78,24.3,13.9,205,0.539,1
68.9955,-123.5085,10.0,85,30.2,0.7,205,0.157,0
65.7434,-87.2947,7.0,73,38.2,9.3,206,0.209,0
66.5304,-67.9231,7.0,76,20.9,4.0,206,0.185,0
45.59,-63.7496,19.0,78,20.0,0.0,207,0.32,0
62.95644,-110.05035,19.3,62,31.0,0.0,208,0.15,1
62.96775,-109.97644,18.2,65,30.1,0.0,208,0.251,1
47.4732,-77.9012,18.2,68,16.3,0.0,208,0.261,0
65.47404,-124.96633,21.3,56,14.2,0.0,209,0.496,1
62.95532,-109.90779,18.3,62,29.8,0.0,209,0.129,1
64.05991,-114.78879,21.1,52,25.8,0.8,210,0.122,1
54.28061,-94.31862,20.5,64,21.6,2.2,210,0.306,1
63.00703,-110.03634,18.7,66,14.6,0.0,210,0.243,1
55.1097,-60.8816,19.7,73,28.1,3.2,210,0.239,0
79.484,-91.2308,-2.7,95,5.9,3.2,212,0.386,0
43.1322,-86.3311,21.9,95,14.8,3.4,212,0.228,0
55.3285,-127.6374,17.5,73,12.8,0.2,212,0.32,0
72.483,-98.9794,4.9,83,40.8,4.8,213,0.263,0
67.7484,-76.3447,7.5,78,26.7,0.1,213,0.135,0
57.2172,-113.4012,14.5,67,17.4,0.0,215,0.373,0
53.998,-79.0575,13.9,82,35.3,3.5,216,0.663,0
55.80839,-100.00871,16.5,65,15.0,0.0,217,0.612,1
50.4668,-115.6292,21.0,67,8.9,3.2,217,0.199,1
61.4361,-129.0481,8.9,78,7.0,0.2,217,0.245,0
64.9177,-94.5768,10.8,63,31.9,0.0,217,0.092,0
63.88513,-122.20448,17.0,57,11.4,0.0,218,0.523,1
63.03543,-113.27781,15.6,74,14.3,1.6,218,0.186,1
46.6432,-86.6937,17.3,68,25.9,0.0,218,0.0,0
56.5947,-76.1178,7.6,94,22.3,4.5,219,0.415,0
45.0591,-89.1466,16.5,73,22.0,26.4,219,0.406,0
63.25773,-118.23253,18.6,49,21.3,0.0,220,0.455,1
53.3498,-125.94097,17.1,61,8.7,0.0,220,0.256,1
64.75376,-120.71179,23.4,45,21.6,0.0,221,0.48,1
56.61112,-108.8941,14.1,64,9.4,0.0,221,0.18,1
60.78714,-117.79034,21.2,57,12.9,0.0,221,0.48,1
64.43108,-119.50597,21.2,52,22.3,0.0,221,0.31,1
64.65738,-123.55689,22.8,55,14.4,0.0,221,0.545,1
64.67686,-120.1276,22.0,50,23.0,0.0,221,0.455,1
54.4623,-115.175,14.4,79,12.8,1.1,221,0.366,0
69.9407,-82.3118,11.7,67,37.7,0.0,221,0.041,0
58.40557,-121.19775,21.2,52,14.2,0.0,222,0.515,1
63.85451,-121.99226,24.8,42,19.6,0.0,222,0.46,1
62.49856,-122.14859,24.5,44,18.4,0.0,222,0.447,1
64.93752,-120.71399,26.3,36,25.1,0.0,222,0.082,1
60.80622,-117.78075,22.9,49,17.1,0.0,222,0.168,1
61.16996,-110.83533,19.7,54,12.8,0.0,222,0.204,1
64.75203,-123.70406,25.2,49,14.1,0.0,222,0.478,1
53.54509,-126.022,18.7,59,12.0,0.0,222,0.224,1
59.44588,-122.94458,22.4,46,14.1,0.0,222,0.396,1
65.01264,-119.4212,24.3,44,26.0,0.0,222,0.263,1
64.83169,-120.46065,24.0,40,24.2,0.0,222,0.334,1
60.44722,-117.83939,23.1,54,15.8,0.0,222,0.0,1
49.74705,-117.45004,20.8,61,8.3,0.0,222,0.163,1
63.82938,-121.89295,25.1,42,19.6,0.0,222,0.544,1
64.59179,-120.61602,24.8,40,23.1,0.0,222,0.44,1
64.92633,-120.72657,26.3,36,25.1,0.0,222,0.082,1
73.0744,-94.3579,10.0,87,17.7,1.0,222,0.173,0
70.3569,-93.5685,16.0,75,27.0,0.0,222,0.153,0
61.01271,-118.07603,23.7,48,17.9,0.0,223,0.181,1
64.67819,-123.74164,24.6,48,15.7,0.2,223,0.095,1
64.90259,-120.20451,23.1,44,26.3,0.0,223,0.217,1
59.35679,-120.6277,22.2,47,17.2,0.0,223,0.39,1
59.51709,-123.25079,22.9,49,12.5,0.0,223,0.412,1
64.82719,-120.43034,23.3,44,24.2,0.0,223,0.322,1
64.70565,-123.70511,24.4,51,18.3,0.2,223,0.467,1
53.7651,-58.6333,14.2,63,18.8,0.1,223,0.243,0
50.6561,-109.2264,18.1,40,18.8,0.0,223,0.113,0
78.8788,-56.2056,-9.2,84,22.2,0.0,223,0.279,0
62.34608,-123.2135,24.4,53,18.8,0.0,224,0.059,1
56.62497,-108.90268,19.8,57,12.3,0.0,224,0.119,1
63.67794,-121.89693,21.4,72,18.7,0.7,224,0.449,1
60.17477,-116.95284,23.1,55,16.2,0.0,224,0.459,1
55.68856,-105.34315,20.4,63,8.9,0.0,224,0.217,1
59.66581,-119.64154,23.1,53,11.6,0.0,224,0.48,1
63.97195,-122.2183,20.4,74,17.2,0.6,224,0.478,1
60.87381,-117.99183,25.4,48,16.5,0.0,224,0.149,1
64.12072,-121.85183,21.0,72,16.7,0.1,224,0.425,1
59.28704,-110.27438,21.7,56,18.0,0.0,224,0.185,1
64.51109,-120.59046,21.0,69,16.4,0.0,224,0.402,1
45.4891,-89.6001,16.4,70,16.6,0.8,224,0.234,0
64.42843,-116.07263,21.1,66,20.0,0.0,225,0.301,1
57.49443,-99.44379,22.5,64,11.4,0.0,225,0.139,1
65.38255,-118.60284,19.1,71,23.9,1.1,225,0.055,1
63.05223,-110.06163,20.9,66,28.4,0.0,225,0.22,1
62.40027,-122.16299,22.0,47,21.2,0.8,225,0.469,1
63.9247,-114.72002,24.3,49,24.5,0.0,225,0.126,1
64.18761,-114.77592,23.4,53,19.9,0.0,225,0.137,1
57.23763,-112.72756,20.2,58,14.1,0.0,226,0.552,1
57.65383,-98.1136,22.3,65,16.5,0.0,226,0.11,1
62.69585,-122.05534,14.8,76,15.2,0.6,226,0.425,1
54.78485,-95.17709,22.1,65,12.9,0.0,226,0.327,1
55.75113,-108.9296,20.0,59,14.4,2.1,226,0.102,1
61.03407,-110.18031,22.4,55,16.6,0.0,226,0.176,1
56.37804,-107.63233,20.4,60,13.5,4.7,226,0.143,1
62.70853,-122.05492,15.2,61,15.9,0.0,229,0.427,1
56.9937,-98.98241,18.2,66,18.0,0.0,229,0.598,1
44.3459,-109.1338,17.8,43,14.2,0.0,229,0.215,0
43.8478,-94.5491,21.2,84,29.2,3.5,229,0.348,0
49.6019,-75.6569,22.6,70,9.9,0.0,229,0.223,0
81.8669,-87.5964,-3.3,95,16.2,6.4,229,0.337,0
52.2109,-109.7417,18.1,60,19.3,0.0,229,0.175,0
64.33038,-122.64886,18.1,54,20.5,0.0,230,0.52,1
63.57822,-121.87623,16.6,54,23.0,0.1,230,0.349,1
64.16496,-121.90877,17.4,53,22.4,0.3,230,0.457,1
64.26604,-122.58201,17.9,53,21.8,0.0,230,0.471,1
53.63329,-126.70976,17.0,59,14.2,0.0,231,0.209,1
63.49175,-122.29589,16.8,66,20.1,0.0,231,0.535,1
65.76408,-115.83225,15.2,75,18.4,0.0,231,0.179,1
62.50946,-139.83194,16.6,60,12.6,0.0,231,0.259,1
62.1865,-124.7128,15.2,70,11.5,0.0,231,0.18,0
79.3342,-53.7401,-10.3,76,28.8,0.0,231,0.314,0
55.85035,-104.48352,19.6,73,20.1,2.8,232,0.22,1
64.8423,-118.67234,19.5,53,30.9,0.0,232,0.052,1
64.15012,-121.90863,19.8,52,25.5,0.0,232,0.448,1
64.01266,-122.54996,18.1,57,25.9,0.0,232,0.491,1
63.24547,-118.47266,19.5,62,23.5,0.1,233,0.425,1
58.2903,-76.1481,12.4,81,29.2,0.0,233,0.376,0
63.8688,-123.6005,14.8,78,19.4,3.5,233,0.181,0
62.7386,-122.12395,10.0,62,26.7,0.0,234,0.548,1
63.3832,-133.6355,10.6,76,8.8,3.9,235,0.218,0
66.6877,-115.9693,7.0,67,17.7,0.0,235,0.18,0
69.0396,-120.4354,4.6,82,38.6,0.2,235,0.321,0
82.6453,-72.8974,-2.7,85,7.6,0.0,236,0.167,0
62.5717,-93.0946,12.1,76,36.8,0.0,237,0.15,0
55.49101,-109.10901,15.9,64,24.4,2.4,238,0.354,1
48.3876,-122.4665,16.5,82,11.9,1.9,238,0.387,0
63.8037,-134.6734,8.7,77,10.6,0.5,238,0.175,0
65.5557,-119.8753,14.8,75,25.7,1.1,239,0.524,0
51.22256,-99.11654,17.6,76,27.2,0.6,241,0.331,1
55.62454,-103.71417,16.3,82,14.5,6.4,242,0.219,1
52.0032,-88.3596,17.0,73,34.8,8.6,243,0.19,0
50.674,-115.9878,7.6,71,9.0,0.0,243,0.372,0
56.32524,-107.72231,16.2,66,13.6,0.2,245,0.19,1
62.48671,-123.23112,15.5,69,11.0,0.0,245,0.157,1
56.26568,-107.64594,20.5,63,13.9,0.0,246,0.171,1
64.9406,-97.4203,9.4,84,27.1,8.7,246,0.283,0
62.2249,-140.4135,7.9,86,11.7,2.0,246,0.375,0
72.8693,-99.6786,0.7,88,27.2,2.4,247,0.35,0
51.3,-98.0222,20.0,79,19.4,10.2,248,0.305,0
45.7175,-119.6843,26.9,32,16.6,0.0,249,0.064,0
67.3079,-69.2978,3.2,80,42.8,5.8,249,0.169,0
63.91257,-120.62537,15.7,56,18.4,0.0,250,0.46,1
69.2353,-135.6135,8.5,83,22.6,0.2,250,0.306,0
45.3973,-97.9557,16.0,65,12.2,0.0,251,0.222,0
50.8189,-91.6841,14.7,78,12.2,0.4,252,0.252,0
44.579,-116.6633,26.6,22,17.7,0.0,252,0.159,0
55.51622,-109.00894,20.8,54,21.7,0.0,253,0.192,1
55.5281,-109.06358,21.1,51,20.8,0.0,253,0.274,1
75.5714,-106.7961,0.4,97,15.0,4.2,253,0.371,0
55.09304,-106.82624,15.4,59,24.3,0.0,254,0.115,1
67.5189,-115.2602,5.2,81,9.6,0.0,256,0.267,0
43.07293,-80.86058,20.4,77,11.1,0.0,257,0.287,1
66.6397,-139.6481,8.0,82,18.4,5.7,257,0.196,0
59.46915,-123.16879,13.2,62,13.1,0.0,259,0.392,1
55.9059,-105.2339,15.6,70,11.6,0.0,261,0.255,0
65.2105,-69.3654,3.8,88,20.0,0.0,264,0.236,0
60.7423,-133.2044,1.6,89,12.5,1.2,264,0.261,0
54.9071,-117.9701,12.5,83,14.1,7.7,266,0.298,0
50.9525,-68.3443,9.5,87,13.0,0.0,266,0.256,0
82.1567,-62.0887,-7.5,89,10.9,3.1,267,0.029,0
46.4639,-101.2297,18.9,53,21.8,0.0,269,0.218,0
70.9687,-109.2223,1.9,99,30.5,32.7,271,0.392,0
45.2601,-103.4208,20.2,35,28.1,0.0,271,0.152,0
49.44699,-100.01144,12.7,64,18.2,0.0,295,0.189,1
